-- phpMyAdmin SQL Dump
-- version 5.2.1
-- https://www.phpmyadmin.net/
--
-- Servidor: 127.0.0.1
-- Tiempo de generación: 12-05-2023 a las 03:30:28
-- Versión del servidor: 10.4.28-MariaDB
-- Versión de PHP: 8.0.28

SET SQL_MODE = "NO_AUTO_VALUE_ON_ZERO";
START TRANSACTION;
SET time_zone = "+00:00";


/*!40101 SET @OLD_CHARACTER_SET_CLIENT=@@CHARACTER_SET_CLIENT */;
/*!40101 SET @OLD_CHARACTER_SET_RESULTS=@@CHARACTER_SET_RESULTS */;
/*!40101 SET @OLD_COLLATION_CONNECTION=@@COLLATION_CONNECTION */;
/*!40101 SET NAMES utf8mb4 */;

--
-- Base de datos: `face_job`
--

-- --------------------------------------------------------

--
-- Estructura de tabla para la tabla `cliente`
--

CREATE TABLE `cliente` (
  `email` varchar(50) NOT NULL,
  `name` text NOT NULL,
  `age` date DEFAULT NULL,
  `number` text NOT NULL,
  `password` text NOT NULL,
  `iconUser` text NOT NULL,
  `profession` varchar(50) NOT NULL,
  `codigo` int(30) DEFAULT NULL,
  `cod_paquete` varchar(1) DEFAULT NULL,
  `info_paquete` int(2) DEFAULT NULL,
  `lastname` varchar(70) NOT NULL,
  `namecomplete` varchar(100) DEFAULT NULL,
  `rol` varchar(20) DEFAULT 'Cliente'
) ENGINE=InnoDB DEFAULT CHARSET=utf8mb4 COLLATE=utf8mb4_general_ci;

--
-- Volcado de datos para la tabla `cliente`
--

INSERT INTO `cliente` (`email`, `name`, `age`, `number`, `password`, `iconUser`, `profession`, `codigo`, `cod_paquete`, `info_paquete`, `lastname`, `namecomplete`, `rol`) VALUES
('AlejandraHernan@gmail.com', 'Alejandra ', '2000-08-21', '3113456789', '$2b$10$K/c8M8PXVu0pGW.J0RQQneJwC2IDvvYzffwtQi4JGYGPZKHA3W1EC', 'https://res.cloudinary.com/de2sdukuk/image/upload/v1682341096/defaults/Fotos%20de%20perfil/pexels-spencer-selover-428321_apqszj.jpg', 'Desarrollador de software', 0, '1', 5, 'Hernández', 'Alejandra  Hernández', 'Cliente'),
('AnaRojas2002@gmail.com', 'Ana María', '2002-01-17', '3112345678', '$2b$10$qeYlad4TW9CnjohR56kyAeOCUbhAqqpDSODsZK/BPDw/qkEZE4XlO', 'https://res.cloudinary.com/de2sdukuk/image/upload/v1682341087/defaults/Fotos%20de%20perfil/pexels-daniel-xavier-1239291_e5a2qv.jpg', 'Diseñador de interiores', 0, '4', 2, 'Rojaas', 'Ana María Rojaas', 'Cliente'),
('AndreaMontoya@gmail.com', 'Andrea ', '2002-07-27', '3175678901', '$2b$10$0sd8kLfjYhRCcKGKwwZFKe8xEtsBbnSfzRMK57MORTM6.mcr4QmP.', 'https://res.cloudinary.com/de2sdukuk/image/upload/v1682341084/defaults/Fotos%20de%20perfil/pexels-hannah-nelson-1065084_copxej.jpg', 'Coach personal', 0, '4', 3, 'Montoya', 'Andrea  Montoya', 'Cliente'),
('AndresFelipe@gmail.com', 'Andres Felipe', '1999-10-20', '3172345678', '$2b$10$G.AgFT.xgBpws2xo1kEdG.mqKmlbSr4YQwd2anHUpgJ81m4FazEma', 'https://res.cloudinary.com/de2sdukuk/image/upload/v1682341081/defaults/Fotos%20de%20perfil/pexels-justin-shaifer-1222271_ysvggd.jpg', 'Fotografo', 0, '4', 3, 'Sanchez', 'Andres Felipe Sanchez', 'Cliente'),
('CamilaRamirez@gmail.com', 'Camila ', '2001-10-07', '3126789012', '$2b$10$YS1NKEUL8dI91EqgWzkemepWrFvk6QNe0IfUhkF5z4cQ53ju//BLG', 'https://res.cloudinary.com/de2sdukuk/image/upload/v1682341078/defaults/Fotos%20de%20perfil/pexels-daniel-xavier-1102341_yaeu2g.jpg', 'Desarrollador de software', 0, '4', 1, 'Ramírez', 'Camila  Ramírez', 'Cliente'),
('CarlosAndres@gmail.com', 'Carlos Andrés', '2001-07-18', '3159012345', '$2b$10$qMHxENosayDHPCTEk3H5oefs0UNOUC9F/cbCsNXKBp1PrFNIKr5sO', 'https://res.cloudinary.com/de2sdukuk/image/upload/v1682341081/defaults/Fotos%20de%20perfil/pexels-burst-374044_phdyzm.jpg', 'Coach personal', 0, '4', 2, 'Ramírez', 'Carlos Andrés Ramírez', 'Cliente'),
('danaeslo2004@gmail.com', 'Danna', '2004-11-28', '3508637649', '$2b$10$oo240Z1S7kiL0OiBlnb5R.jaqEdFJtxOAtwqRwm8sMxOUJ106mhv2', 'https://res.cloudinary.com/de2sdukuk/image/upload/v1683215106/posts/k25skdjwyc3kgtncah5n.jpg', 'Diseñador grafico', 0, '4', 0, 'Estrada', 'Danna Estrada', 'Cliente'),
('DanielaVargas@gmail.com', 'Daniela', '1998-09-09', '3132345678', '$2b$10$9GfdDskFW1LbIs.RReUwc.8sb.jWNxmq9DEmFTaNoTlFOiIkC12f2', 'https://res.cloudinary.com/de2sdukuk/image/upload/v1682341075/defaults/Fotos%20de%20perfil/pexels-pixabay-415263_urjt4q.jpg', 'Diseñador grafico', 0, '4', 1, 'Vargas', 'Daniela Vargas', 'Cliente'),
('DavidTorres@gmail.com', 'David', '2001-05-20', '3135678901', '$2b$10$regBpdVb1PdpqMf9sBdQquWflQcj94U9kGoeuARHWQRAUYNLXBrH2', 'https://res.cloudinary.com/de2sdukuk/image/upload/v1682341080/defaults/Fotos%20de%20perfil/pexels-stefan-stefancik-91227_frtzki.jpg', 'Desarrollador de aplicaciones moviles', 0, '4', 2, 'Torres', 'David Torres', 'Cliente'),
('DianaHerrera@gmail.com', 'Diana', '2002-06-10', '3146789012', '$2b$10$UgmmirZR4HPdABz5ubMP0O309.H1LG74wqSNM/qB4VE.OY.KwSz1q', 'https://res.cloudinary.com/de2sdukuk/image/upload/v1682341074/defaults/Fotos%20de%20perfil/pexels-fauxels-3184405_hr8220.jpg', 'Desarrollador de aplicaciones moviles', 0, '4', 3, 'Herrera', 'Diana Herrera', 'Cliente'),
('DiegoArango@gmail.com', 'Diego', '2000-11-03', '3142345678', '$2b$10$DP2vrLVhQXSwPYkyg5q28uxKROGhMgHeAXks/C//0a1w42IbC.Qp6', 'https://res.cloudinary.com/de2sdukuk/image/upload/v1682341077/defaults/Fotos%20de%20perfil/pexels-simon-robben-614810_tatxfb.jpg', 'Desarrollador de software', 0, '4', 3, 'Arango', 'Diego Arango', 'Cliente'),
('face-job-admin@facejob.com', 'face', '2023-04-17', '32423423423', '$2b$10$rYFu1f28ITlAuZm3HYm58.3kgGcsjrnFzzUuV1Nq7tFkScnvq99Py', 'https://res.cloudinary.com/de2sdukuk/image/upload/v1682083366/usericon_eqm409.jpg', 'Face-job', 0, '4', 3, 'job', 'face job', 'ADMIN'),
('IsabelRestrepo@gmail.com', 'Isabel', '2000-06-21', '3155678901', '$2b$10$2WLgC0ItGZ1jXe0/8G79UOwvmQoNOapWA4M8JtTgRsvVu0nuOiNpe', 'https://res.cloudinary.com/de2sdukuk/image/upload/v1682341073/defaults/Fotos%20de%20perfil/pexels-danang-wicaksono-582039_takctl.jpg', 'Fotografo', 0, '4', 3, 'Restrepo', 'Isabel Restrepo', 'Cliente'),
('JavierRojas@gmail.com', 'Javier', '2001-11-11', '3103456789', '$2b$10$L.SgMsOcX3QGzwcNKXf.0e9e9uqyWcYvfsGJLshrDLXMt9DqRmWwG', 'https://res.cloudinary.com/de2sdukuk/image/upload/v1682341077/defaults/Fotos%20de%20perfil/pexels-italo-melo-2379005_y8g0kw.jpg', 'Diseñador grafico', 0, '4', 3, 'Rojas', 'Javier Rojas', 'Cliente'),
('JoseManuel@gmail.com', 'José Manuel', '2002-07-18', '3139012345', '$2b$10$lpnwUMt8nAQUSo.WRpmbJOp6flP4M5JRSNC3t214eKa9SwAQR/Emi', 'https://res.cloudinary.com/de2sdukuk/image/upload/v1682341070/defaults/Fotos%20de%20perfil/pexels-nathan-cowley-1300402_se3yjg.jpg', 'Desarrollador de software', 0, '4', 3, 'López', 'José Manuel López', 'Cliente'),
('JosePerea@gmail.com', 'Jose Antonio', '2003-08-30', '3199012345', '$2b$10$yEgduDGuhArJZmtkhYgpjufU.b7lM4KPRqBRtxlwAl8pnuOGe5SXG', 'https://res.cloudinary.com/de2sdukuk/image/upload/v1682341069/defaults/Fotos%20de%20perfil/pexels-royal-anwar-450214_uy1trx.jpg', 'Diseñador grafico', 0, '4', 3, 'Perea', 'Jose Antonio Perea', 'Cliente'),
('JuanPabloM@gmail.com', 'Juan Pablo', '2002-10-15', '3178901234', '$2b$10$HR1xuXAJywJDu6frx6EZsO5CTu2cyOEVq4oD6nD82f13eL796G.5a', 'https://res.cloudinary.com/de2sdukuk/image/upload/v1682341069/defaults/Fotos%20de%20perfil/pexels-jeffrey-reed-769745_w16r8s.jpg', 'Diseñador de interiores', 0, '4', 3, 'Muñoz', 'Juan Pablo Muñoz', 'Cliente'),
('LauraMartinez@gmail.com', 'Laura', '2002-08-13', '3189876543', '$2b$10$rJozsTbkv.EApCEAkiggx.POUGtAXGeFw8FXTkF.sPhJjkVW5IPOm', 'https://res.cloudinary.com/de2sdukuk/image/upload/v1682341073/defaults/Fotos%20de%20perfil/pexels-min-an-713312_n2ju7z.jpg', 'Diseñador de interiores', 0, '4', 0, 'Martínez', 'Laura Martínez', 'Cliente'),
('LuisMiguel2001@gmail.com', 'Luis Miguel', '2001-11-08', ' 3190123456', '$2b$10$.WyjHrcfwZglLgyvgt.vHuCiQsTHV21ih3FYuqYocTck.Ebjc3rWO', 'https://res.cloudinary.com/de2sdukuk/image/upload/v1682341066/defaults/Fotos%20de%20perfil/pexels-andrea-piacquadio-3778680_gkwoad.jpg', 'Desarrollador de aplicaciones moviles', 0, '4', 2, 'Guitiérrez', 'Luis Miguel Gutiérrez Guitiérrez', 'Cliente'),
('MariaFernanda@gmail.com', 'Maria Fernanda', '2002-06-12', '3169012345', '$2b$10$adC.4qXF9IcL5ZUTiDjog.RnCy0fD.OAnQmTDEL5O.02SSyTosoT.', 'https://res.cloudinary.com/de2sdukuk/image/upload/v1682341071/defaults/Fotos%20de%20perfil/pexels-pixabay-354951_nxzipd.jpg', 'Fotografo', 0, '4', 3, 'Suarez', 'Maria Fernanda Suarez', 'Cliente'),
('NataliaTorres01@gmail.com', 'Natalia', '2001-12-18', '3189012345', '$2b$10$7pb5gTXh.EQDfO79f0QHGeItKNsSSXwXZwP8Kad0jZ5nTZV5cGFYq', 'https://res.cloudinary.com/de2sdukuk/image/upload/v1682341068/defaults/Fotos%20de%20perfil/pexels-anastasiya-gepp-2036646_sbdlxv.jpg', 'Coach personal', 0, '4', 3, 'Torres', 'Natalia Torres', 'Cliente'),
('PaulaRodriguez@gmail.com', 'Paula ', '2000-03-21', '3190123456', '$2b$10$.kbZcpfTabH2ijNHbKZBvuE.db3HQ1PMrdnB4o6A4hIHc/siHKGhi', 'https://res.cloudinary.com/de2sdukuk/image/upload/v1682341067/defaults/Fotos%20de%20perfil/pexels-andrea-piacquadio-712513_hdsn7m.jpg', 'Desarrollador de aplicaciones moviles', 0, '4', 3, 'Rodríguez', 'Paula  Rodríguez', 'Cliente'),
('SantiagoGonzales@gmail.com', 'Santiago', '2002-09-26', '3162345678', '$2b$10$vc8LTfx9iv/HBDF2sNrNWeUb08Oq1R35f4Dqmg7y1mzrZoPwbdDG2', 'https://res.cloudinary.com/de2sdukuk/image/upload/v1682341066/defaults/Fotos%20de%20perfil/pexels-andrea-piacquadio-834863_okixek.jpg', 'Coach personal', 0, '4', 3, 'González', 'Santiago González', 'Cliente'),
('SofiaGarcia@gmail.com', 'Sofia', '2004-04-21', '3156789012', '$2b$10$21WPFfoMNM6fHaY1kdfeFukHBLmtFlI7iS5r5xvz.uM3Z0USnWbke', 'https://res.cloudinary.com/de2sdukuk/image/upload/v1682341065/defaults/Fotos%20de%20perfil/pexels-andrea-piacquadio-733872_brjd1j.jpg', 'Diseñador grafico', 0, '4', 3, 'Garcia', 'Sofia Garcia', 'Cliente'),
('ValenGomez01@gmail.com', 'Valentina', '2001-06-28', '3104567890', '$2b$10$qt2WODnS/BImUUPquTJzw.AqhzK9l/OGH62ebBlRrIIeCNt3oaeCi', 'https://res.cloudinary.com/de2sdukuk/image/upload/v1682341064/defaults/Fotos%20de%20perfil/pexels-ezekixl-akinnewu-950243_fvp43c.jpg', 'Diseñador de interiores', 0, '4', 3, 'Gómez', 'Valentina Gómez', 'Cliente'),
('zed@gmail.com', 'Oscar', '2023-03-12', '3137744766', '$2b$10$R/XO00nx3OGhe.ynmtc3C./mQ5BSd87tQByUaOhQOTn0Fjq0P9hb.', 'https://res.cloudinary.com/de2sdukuk/image/upload/v1682341064/defaults/Fotos%20de%20perfil/pexels-spencer-selover-567459_ssxvhx.jpg', 'Fotografo', 0, '2', 1, 'Martínez', 'zed ryan', 'Cliente');

--
-- Disparadores `cliente`
--
DELIMITER $$
CREATE TRIGGER `paquete_default` BEFORE INSERT ON `cliente` FOR EACH ROW BEGIN
	SET NEW.cod_paquete = "4",
    NEW.info_paquete = 3;
END
$$
DELIMITER ;

-- --------------------------------------------------------

--
-- Estructura de tabla para la tabla `comentarios`
--

CREATE TABLE `comentarios` (
  `id` int(20) NOT NULL,
  `comentario` text DEFAULT NULL,
  `hora` timestamp NOT NULL DEFAULT current_timestamp()
) ENGINE=InnoDB DEFAULT CHARSET=utf8mb4 COLLATE=utf8mb4_general_ci;

--
-- Volcado de datos para la tabla `comentarios`
--

INSERT INTO `comentarios` (`id`, `comentario`, `hora`) VALUES
(30000, 'dfgd', '2023-01-26 06:06:34'),
(30013, 'holaaa', '2023-04-15 03:37:56'),
(30014, 'qwerqqtqt', '2023-04-15 03:38:59'),
(30061, 'buen trabajo', '2023-05-10 12:24:14'),
(30062, 'sdffdsfs', '2023-05-10 19:27:44');

-- --------------------------------------------------------

--
-- Estructura de tabla para la tabla `comentarios_imagen`
--

CREATE TABLE `comentarios_imagen` (
  `id_comentario` int(20) DEFAULT NULL,
  `idimagen` int(20) DEFAULT NULL
) ENGINE=InnoDB DEFAULT CHARSET=utf8mb4 COLLATE=utf8mb4_general_ci;

--
-- Volcado de datos para la tabla `comentarios_imagen`
--

INSERT INTO `comentarios_imagen` (`id_comentario`, `idimagen`) VALUES
(30061, 50138),
(30062, 50104);

-- --------------------------------------------------------

--
-- Estructura de tabla para la tabla `comentarios_textos`
--

CREATE TABLE `comentarios_textos` (
  `id_comentario2` int(20) DEFAULT NULL,
  `idtextos` int(20) DEFAULT NULL
) ENGINE=InnoDB DEFAULT CHARSET=utf8mb4 COLLATE=utf8mb4_general_ci;

-- --------------------------------------------------------

--
-- Estructura de tabla para la tabla `comentarios_usuario`
--

CREATE TABLE `comentarios_usuario` (
  `id_comentario3` int(20) DEFAULT NULL,
  `emailcliente` varchar(50) DEFAULT NULL
) ENGINE=InnoDB DEFAULT CHARSET=utf8mb4 COLLATE=utf8mb4_general_ci;

--
-- Volcado de datos para la tabla `comentarios_usuario`
--

INSERT INTO `comentarios_usuario` (`id_comentario3`, `emailcliente`) VALUES
(30061, 'DanielaVargas@gmail.com'),
(30062, 'zed@gmail.com');

-- --------------------------------------------------------

--
-- Estructura de tabla para la tabla `megusta`
--

CREATE TABLE `megusta` (
  `id_megusta` int(20) DEFAULT NULL,
  `email_megusta` varchar(50) DEFAULT NULL,
  `estado` varchar(15) DEFAULT NULL
) ENGINE=InnoDB DEFAULT CHARSET=utf8mb4 COLLATE=utf8mb4_general_ci;

--
-- Volcado de datos para la tabla `megusta`
--

INSERT INTO `megusta` (`id_megusta`, `email_megusta`, `estado`) VALUES
(50056, 'zed@gmail.com', 'nomegusta'),
(50065, 'AnaRojas2002@gmail.com', 'nomegusta'),
(50066, 'AnaRojas2002@gmail.com', 'nomegusta'),
(50068, 'AnaRojas2002@gmail.com', 'nomegusta'),
(50069, 'DavidTorres@gmail.com', 'nomegusta'),
(50070, 'DavidTorres@gmail.com', 'nomegusta'),
(50071, 'DavidTorres@gmail.com', 'nomegusta'),
(50072, 'JuanPabloM@gmail.com', 'nomegusta'),
(50073, 'JuanPabloM@gmail.com', 'nomegusta'),
(50074, 'JuanPabloM@gmail.com', 'nomegusta'),
(50075, 'LauraMartinez@gmail.com', 'nomegusta'),
(50076, 'LauraMartinez@gmail.com', 'nomegusta'),
(50077, 'LauraMartinez@gmail.com', 'nomegusta'),
(50078, 'LuisMiguel2001@gmail.com', 'nomegusta'),
(50079, 'LuisMiguel2001@gmail.com', 'nomegusta'),
(50080, 'LuisMiguel2001@gmail.com', 'nomegusta'),
(50081, 'PaulaRodriguez@gmail.com', 'nomegusta'),
(50082, 'PaulaRodriguez@gmail.com', 'nomegusta'),
(50083, 'PaulaRodriguez@gmail.com', 'nomegusta'),
(50084, 'ValenGomez01@gmail.com', 'nomegusta'),
(50085, 'ValenGomez01@gmail.com', 'nomegusta'),
(50086, 'ValenGomez01@gmail.com', 'nomegusta'),
(50087, 'DianaHerrera@gmail.com', 'nomegusta'),
(50088, 'DianaHerrera@gmail.com', 'nomegusta'),
(50089, 'DianaHerrera@gmail.com', 'nomegusta'),
(50090, 'CarlosAndres@gmail.com', 'nomegusta'),
(50091, 'CarlosAndres@gmail.com', 'nomegusta'),
(50092, 'CarlosAndres@gmail.com', 'nomegusta'),
(50093, 'SantiagoGonzales@gmail.com', 'nomegusta'),
(50094, 'SantiagoGonzales@gmail.com', 'nomegusta'),
(50095, 'SantiagoGonzales@gmail.com', 'nomegusta'),
(50096, 'AndreaMontoya@gmail.com', 'nomegusta'),
(50097, 'AndreaMontoya@gmail.com', 'nomegusta'),
(50098, 'AndreaMontoya@gmail.com', 'nomegusta'),
(50099, 'NataliaTorres01@gmail.com', 'nomegusta'),
(50100, 'NataliaTorres01@gmail.com', 'nomegusta'),
(50101, 'NataliaTorres01@gmail.com', 'nomegusta'),
(50102, 'AlejandraHernan@gmail.com', 'nomegusta'),
(50103, 'AlejandraHernan@gmail.com', 'nomegusta'),
(50104, 'AlejandraHernan@gmail.com', 'nomegusta'),
(50105, 'CamilaRamirez@gmail.com', 'nomegusta'),
(50106, 'CamilaRamirez@gmail.com', 'nomegusta'),
(50107, 'CamilaRamirez@gmail.com', 'nomegusta'),
(50108, 'JoseManuel@gmail.com', 'nomegusta'),
(50109, 'JoseManuel@gmail.com', 'nomegusta'),
(50110, 'JoseManuel@gmail.com', 'nomegusta'),
(50111, 'DiegoArango@gmail.com', 'nomegusta'),
(50112, 'DiegoArango@gmail.com', 'nomegusta'),
(50113, 'DiegoArango@gmail.com', 'nomegusta'),
(50114, 'IsabelRestrepo@gmail.com', 'nomegusta'),
(50115, 'IsabelRestrepo@gmail.com', 'nomegusta'),
(50116, 'IsabelRestrepo@gmail.com', 'nomegusta'),
(50117, 'MariaFernanda@gmail.com', 'nomegusta'),
(50118, 'MariaFernanda@gmail.com', 'nomegusta'),
(50119, 'MariaFernanda@gmail.com', 'nomegusta'),
(50120, 'AndresFelipe@gmail.com', 'nomegusta'),
(50121, 'AndresFelipe@gmail.com', 'nomegusta'),
(50122, 'AndresFelipe@gmail.com', 'nomegusta'),
(50123, 'zed@gmail.com', 'nomegusta'),
(50124, 'zed@gmail.com', 'nomegusta'),
(50125, 'zed@gmail.com', 'nomegusta'),
(50126, 'JavierRojas@gmail.com', 'nomegusta'),
(50127, 'JavierRojas@gmail.com', 'nomegusta'),
(50128, 'JavierRojas@gmail.com', 'nomegusta'),
(50129, 'SofiaGarcia@gmail.com', 'nomegusta'),
(50130, 'SofiaGarcia@gmail.com', 'nomegusta'),
(50131, 'SofiaGarcia@gmail.com', 'nomegusta'),
(50133, 'JosePerea@gmail.com', 'nomegusta'),
(50134, 'JosePerea@gmail.com', 'nomegusta'),
(50135, 'JosePerea@gmail.com', 'nomegusta'),
(50136, 'DanielaVargas@gmail.com', 'nomegusta'),
(50137, 'DanielaVargas@gmail.com', 'nomegusta'),
(50138, 'DanielaVargas@gmail.com', 'nomegusta'),
(50104, 'zed@gmail.com', 'nomegusta'),
(50104, 'CamilaRamirez@gmail.com', 'nomegusta');

-- --------------------------------------------------------

--
-- Estructura de tabla para la tabla `megustatextos`
--

CREATE TABLE `megustatextos` (
  `id_textos` int(20) DEFAULT NULL,
  `email_cliente2` varchar(50) DEFAULT NULL,
  `estado` varchar(20) DEFAULT NULL
) ENGINE=InnoDB DEFAULT CHARSET=utf8mb4 COLLATE=utf8mb4_general_ci;

--
-- Volcado de datos para la tabla `megustatextos`
--

INSERT INTO `megustatextos` (`id_textos`, `email_cliente2`, `estado`) VALUES
(7040, 'zed@gmail.com', 'nomegusta'),
(7044, 'AlejandraHernan@gmail.com', 'nomegusta'),
(7044, 'zed@gmail.com', 'nomegusta'),
(7044, 'AnaRojas2002@gmail.com', 'nomegusta'),
(7044, 'AndreaMontoya@gmail.com', 'nomegusta'),
(7044, 'AndresFelipe@gmail.com', 'nomegusta'),
(7044, 'CamilaRamirez@gmail.com', 'nomegusta'),
(7044, 'CarlosAndres@gmail.com', 'nomegusta'),
(7044, 'danaeslo2004@gmail.com', 'nomegusta'),
(7044, 'DanielaVargas@gmail.com', 'nomegusta'),
(7044, 'DavidTorres@gmail.com', 'nomegusta'),
(7044, 'DianaHerrera@gmail.com', 'nomegusta'),
(7044, 'DiegoArango@gmail.com', 'nomegusta'),
(7044, 'face-job-admin@facejob.com', 'nomegusta'),
(7044, 'IsabelRestrepo@gmail.com', 'nomegusta'),
(7044, 'JavierRojas@gmail.com', 'nomegusta'),
(7044, 'JoseManuel@gmail.com', 'nomegusta'),
(7044, 'JosePerea@gmail.com', 'nomegusta'),
(7044, 'JuanPabloM@gmail.com', 'nomegusta'),
(7044, 'LauraMartinez@gmail.com', 'nomegusta'),
(7044, 'LuisMiguel2001@gmail.com', 'nomegusta'),
(7044, 'MariaFernanda@gmail.com', 'nomegusta'),
(7044, 'NataliaTorres01@gmail.com', 'nomegusta'),
(7044, 'PaulaRodriguez@gmail.com', 'nomegusta'),
(7044, 'SantiagoGonzales@gmail.com', 'nomegusta'),
(7044, 'SofiaGarcia@gmail.com', 'nomegusta'),
(7044, 'ValenGomez01@gmail.com', 'nomegusta'),
(7045, 'AlejandraHernan@gmail.com', 'nomegusta'),
(7045, 'zed@gmail.com', 'nomegusta'),
(7045, 'AnaRojas2002@gmail.com', 'nomegusta'),
(7045, 'AndreaMontoya@gmail.com', 'nomegusta'),
(7045, 'AndresFelipe@gmail.com', 'nomegusta'),
(7045, 'CamilaRamirez@gmail.com', 'nomegusta'),
(7045, 'CarlosAndres@gmail.com', 'nomegusta'),
(7045, 'danaeslo2004@gmail.com', 'nomegusta'),
(7045, 'DanielaVargas@gmail.com', 'nomegusta'),
(7045, 'DavidTorres@gmail.com', 'nomegusta'),
(7045, 'DianaHerrera@gmail.com', 'nomegusta'),
(7045, 'DiegoArango@gmail.com', 'nomegusta'),
(7045, 'face-job-admin@facejob.com', 'nomegusta'),
(7045, 'IsabelRestrepo@gmail.com', 'nomegusta'),
(7045, 'JavierRojas@gmail.com', 'nomegusta'),
(7045, 'JoseManuel@gmail.com', 'nomegusta'),
(7045, 'JosePerea@gmail.com', 'nomegusta'),
(7045, 'JuanPabloM@gmail.com', 'nomegusta'),
(7045, 'LauraMartinez@gmail.com', 'nomegusta'),
(7045, 'LuisMiguel2001@gmail.com', 'nomegusta'),
(7045, 'MariaFernanda@gmail.com', 'nomegusta'),
(7045, 'NataliaTorres01@gmail.com', 'nomegusta'),
(7045, 'PaulaRodriguez@gmail.com', 'nomegusta'),
(7045, 'SantiagoGonzales@gmail.com', 'nomegusta'),
(7045, 'SofiaGarcia@gmail.com', 'nomegusta'),
(7045, 'ValenGomez01@gmail.com', 'nomegusta'),
(7046, 'AlejandraHernan@gmail.com', 'nomegusta'),
(7046, 'zed@gmail.com', 'nomegusta'),
(7046, 'AnaRojas2002@gmail.com', 'nomegusta'),
(7046, 'AndreaMontoya@gmail.com', 'nomegusta'),
(7046, 'AndresFelipe@gmail.com', 'nomegusta'),
(7046, 'CamilaRamirez@gmail.com', 'nomegusta'),
(7046, 'CarlosAndres@gmail.com', 'nomegusta'),
(7046, 'danaeslo2004@gmail.com', 'nomegusta'),
(7046, 'DanielaVargas@gmail.com', 'nomegusta'),
(7046, 'DavidTorres@gmail.com', 'nomegusta'),
(7046, 'DianaHerrera@gmail.com', 'nomegusta'),
(7046, 'DiegoArango@gmail.com', 'nomegusta'),
(7046, 'face-job-admin@facejob.com', 'nomegusta'),
(7046, 'IsabelRestrepo@gmail.com', 'nomegusta'),
(7046, 'JavierRojas@gmail.com', 'nomegusta'),
(7046, 'JoseManuel@gmail.com', 'nomegusta'),
(7046, 'JosePerea@gmail.com', 'nomegusta'),
(7046, 'JuanPabloM@gmail.com', 'nomegusta'),
(7046, 'LauraMartinez@gmail.com', 'nomegusta'),
(7046, 'LuisMiguel2001@gmail.com', 'nomegusta'),
(7046, 'MariaFernanda@gmail.com', 'nomegusta'),
(7046, 'NataliaTorres01@gmail.com', 'nomegusta'),
(7046, 'PaulaRodriguez@gmail.com', 'nomegusta'),
(7046, 'SantiagoGonzales@gmail.com', 'nomegusta'),
(7046, 'SofiaGarcia@gmail.com', 'nomegusta'),
(7046, 'ValenGomez01@gmail.com', 'nomegusta'),
(7047, 'AlejandraHernan@gmail.com', 'nomegusta'),
(7047, 'zed@gmail.com', 'nomegusta'),
(7047, 'AnaRojas2002@gmail.com', 'nomegusta'),
(7047, 'AndreaMontoya@gmail.com', 'nomegusta'),
(7047, 'AndresFelipe@gmail.com', 'nomegusta'),
(7047, 'CamilaRamirez@gmail.com', 'nomegusta'),
(7047, 'CarlosAndres@gmail.com', 'nomegusta'),
(7047, 'danaeslo2004@gmail.com', 'nomegusta'),
(7047, 'DanielaVargas@gmail.com', 'nomegusta'),
(7047, 'DavidTorres@gmail.com', 'nomegusta'),
(7047, 'DianaHerrera@gmail.com', 'nomegusta'),
(7047, 'DiegoArango@gmail.com', 'nomegusta'),
(7047, 'face-job-admin@facejob.com', 'nomegusta'),
(7047, 'IsabelRestrepo@gmail.com', 'nomegusta'),
(7047, 'JavierRojas@gmail.com', 'nomegusta'),
(7047, 'JoseManuel@gmail.com', 'nomegusta'),
(7047, 'JosePerea@gmail.com', 'nomegusta'),
(7047, 'JuanPabloM@gmail.com', 'nomegusta'),
(7047, 'LauraMartinez@gmail.com', 'nomegusta'),
(7047, 'LuisMiguel2001@gmail.com', 'nomegusta'),
(7047, 'MariaFernanda@gmail.com', 'nomegusta'),
(7047, 'NataliaTorres01@gmail.com', 'nomegusta'),
(7047, 'PaulaRodriguez@gmail.com', 'nomegusta'),
(7047, 'SantiagoGonzales@gmail.com', 'nomegusta'),
(7047, 'SofiaGarcia@gmail.com', 'nomegusta'),
(7047, 'ValenGomez01@gmail.com', 'nomegusta'),
(7048, 'AlejandraHernan@gmail.com', 'nomegusta'),
(7048, 'zed@gmail.com', 'nomegusta'),
(7048, 'AnaRojas2002@gmail.com', 'nomegusta'),
(7048, 'AndreaMontoya@gmail.com', 'nomegusta'),
(7048, 'AndresFelipe@gmail.com', 'nomegusta'),
(7048, 'CamilaRamirez@gmail.com', 'nomegusta'),
(7048, 'CarlosAndres@gmail.com', 'nomegusta'),
(7048, 'danaeslo2004@gmail.com', 'nomegusta'),
(7048, 'DanielaVargas@gmail.com', 'nomegusta'),
(7048, 'DavidTorres@gmail.com', 'nomegusta'),
(7048, 'DianaHerrera@gmail.com', 'nomegusta'),
(7048, 'DiegoArango@gmail.com', 'nomegusta'),
(7048, 'face-job-admin@facejob.com', 'nomegusta'),
(7048, 'IsabelRestrepo@gmail.com', 'nomegusta'),
(7048, 'JavierRojas@gmail.com', 'nomegusta'),
(7048, 'JoseManuel@gmail.com', 'nomegusta'),
(7048, 'JosePerea@gmail.com', 'nomegusta'),
(7048, 'JuanPabloM@gmail.com', 'nomegusta'),
(7048, 'LauraMartinez@gmail.com', 'nomegusta'),
(7048, 'LuisMiguel2001@gmail.com', 'nomegusta'),
(7048, 'MariaFernanda@gmail.com', 'nomegusta'),
(7048, 'NataliaTorres01@gmail.com', 'nomegusta'),
(7048, 'PaulaRodriguez@gmail.com', 'nomegusta'),
(7048, 'SantiagoGonzales@gmail.com', 'nomegusta'),
(7048, 'SofiaGarcia@gmail.com', 'nomegusta'),
(7048, 'ValenGomez01@gmail.com', 'nomegusta'),
(7049, 'AlejandraHernan@gmail.com', 'nomegusta'),
(7049, 'zed@gmail.com', 'nomegusta'),
(7049, 'AnaRojas2002@gmail.com', 'nomegusta'),
(7049, 'AndreaMontoya@gmail.com', 'nomegusta'),
(7049, 'AndresFelipe@gmail.com', 'nomegusta'),
(7049, 'CamilaRamirez@gmail.com', 'nomegusta'),
(7049, 'CarlosAndres@gmail.com', 'nomegusta'),
(7049, 'danaeslo2004@gmail.com', 'nomegusta'),
(7049, 'DanielaVargas@gmail.com', 'nomegusta'),
(7049, 'DavidTorres@gmail.com', 'nomegusta'),
(7049, 'DianaHerrera@gmail.com', 'nomegusta'),
(7049, 'DiegoArango@gmail.com', 'nomegusta'),
(7049, 'face-job-admin@facejob.com', 'nomegusta'),
(7049, 'IsabelRestrepo@gmail.com', 'nomegusta'),
(7049, 'JavierRojas@gmail.com', 'nomegusta'),
(7049, 'JoseManuel@gmail.com', 'nomegusta'),
(7049, 'JosePerea@gmail.com', 'nomegusta'),
(7049, 'JuanPabloM@gmail.com', 'nomegusta'),
(7049, 'LauraMartinez@gmail.com', 'nomegusta'),
(7049, 'LuisMiguel2001@gmail.com', 'nomegusta'),
(7049, 'MariaFernanda@gmail.com', 'nomegusta'),
(7049, 'NataliaTorres01@gmail.com', 'nomegusta'),
(7049, 'PaulaRodriguez@gmail.com', 'nomegusta'),
(7049, 'SantiagoGonzales@gmail.com', 'nomegusta'),
(7049, 'SofiaGarcia@gmail.com', 'nomegusta'),
(7049, 'ValenGomez01@gmail.com', 'nomegusta'),
(7050, 'AlejandraHernan@gmail.com', 'nomegusta'),
(7050, 'zed@gmail.com', 'nomegusta'),
(7050, 'AnaRojas2002@gmail.com', 'nomegusta'),
(7050, 'AndreaMontoya@gmail.com', 'nomegusta'),
(7050, 'AndresFelipe@gmail.com', 'nomegusta'),
(7050, 'CamilaRamirez@gmail.com', 'nomegusta'),
(7050, 'CarlosAndres@gmail.com', 'nomegusta'),
(7050, 'danaeslo2004@gmail.com', 'nomegusta'),
(7050, 'DanielaVargas@gmail.com', 'nomegusta'),
(7050, 'DavidTorres@gmail.com', 'nomegusta'),
(7050, 'DianaHerrera@gmail.com', 'nomegusta'),
(7050, 'DiegoArango@gmail.com', 'nomegusta'),
(7050, 'face-job-admin@facejob.com', 'nomegusta'),
(7050, 'IsabelRestrepo@gmail.com', 'nomegusta'),
(7050, 'JavierRojas@gmail.com', 'nomegusta'),
(7050, 'JoseManuel@gmail.com', 'nomegusta'),
(7050, 'JosePerea@gmail.com', 'nomegusta'),
(7050, 'JuanPabloM@gmail.com', 'nomegusta'),
(7050, 'LauraMartinez@gmail.com', 'nomegusta'),
(7050, 'LuisMiguel2001@gmail.com', 'nomegusta'),
(7050, 'MariaFernanda@gmail.com', 'nomegusta'),
(7050, 'NataliaTorres01@gmail.com', 'nomegusta'),
(7050, 'PaulaRodriguez@gmail.com', 'nomegusta'),
(7050, 'SantiagoGonzales@gmail.com', 'nomegusta'),
(7050, 'SofiaGarcia@gmail.com', 'nomegusta'),
(7050, 'ValenGomez01@gmail.com', 'nomegusta'),
(7051, 'AlejandraHernan@gmail.com', 'nomegusta'),
(7051, 'zed@gmail.com', 'nomegusta'),
(7051, 'AnaRojas2002@gmail.com', 'nomegusta'),
(7051, 'AndreaMontoya@gmail.com', 'nomegusta'),
(7051, 'AndresFelipe@gmail.com', 'nomegusta'),
(7051, 'CamilaRamirez@gmail.com', 'nomegusta'),
(7051, 'CarlosAndres@gmail.com', 'nomegusta'),
(7051, 'danaeslo2004@gmail.com', 'nomegusta'),
(7051, 'DanielaVargas@gmail.com', 'nomegusta'),
(7051, 'DavidTorres@gmail.com', 'nomegusta'),
(7051, 'DianaHerrera@gmail.com', 'nomegusta'),
(7051, 'DiegoArango@gmail.com', 'nomegusta'),
(7051, 'face-job-admin@facejob.com', 'nomegusta'),
(7051, 'IsabelRestrepo@gmail.com', 'nomegusta'),
(7051, 'JavierRojas@gmail.com', 'nomegusta'),
(7051, 'JoseManuel@gmail.com', 'nomegusta'),
(7051, 'JosePerea@gmail.com', 'nomegusta'),
(7051, 'JuanPabloM@gmail.com', 'nomegusta'),
(7051, 'LauraMartinez@gmail.com', 'nomegusta'),
(7051, 'LuisMiguel2001@gmail.com', 'nomegusta'),
(7051, 'MariaFernanda@gmail.com', 'nomegusta'),
(7051, 'NataliaTorres01@gmail.com', 'nomegusta'),
(7051, 'PaulaRodriguez@gmail.com', 'nomegusta'),
(7051, 'SantiagoGonzales@gmail.com', 'nomegusta'),
(7051, 'SofiaGarcia@gmail.com', 'nomegusta'),
(7051, 'ValenGomez01@gmail.com', 'nomegusta'),
(7052, 'AlejandraHernan@gmail.com', 'nomegusta'),
(7052, 'zed@gmail.com', 'nomegusta'),
(7052, 'AnaRojas2002@gmail.com', 'nomegusta'),
(7052, 'AndreaMontoya@gmail.com', 'nomegusta'),
(7052, 'AndresFelipe@gmail.com', 'nomegusta'),
(7052, 'CamilaRamirez@gmail.com', 'nomegusta'),
(7052, 'CarlosAndres@gmail.com', 'nomegusta'),
(7052, 'danaeslo2004@gmail.com', 'nomegusta'),
(7052, 'DanielaVargas@gmail.com', 'nomegusta'),
(7052, 'DavidTorres@gmail.com', 'nomegusta'),
(7052, 'DianaHerrera@gmail.com', 'nomegusta'),
(7052, 'DiegoArango@gmail.com', 'nomegusta'),
(7052, 'face-job-admin@facejob.com', 'nomegusta'),
(7052, 'IsabelRestrepo@gmail.com', 'nomegusta'),
(7052, 'JavierRojas@gmail.com', 'nomegusta'),
(7052, 'JoseManuel@gmail.com', 'nomegusta'),
(7052, 'JosePerea@gmail.com', 'nomegusta'),
(7052, 'JuanPabloM@gmail.com', 'nomegusta'),
(7052, 'LauraMartinez@gmail.com', 'nomegusta'),
(7052, 'LuisMiguel2001@gmail.com', 'nomegusta'),
(7052, 'MariaFernanda@gmail.com', 'nomegusta'),
(7052, 'NataliaTorres01@gmail.com', 'nomegusta'),
(7052, 'PaulaRodriguez@gmail.com', 'nomegusta'),
(7052, 'SantiagoGonzales@gmail.com', 'nomegusta'),
(7052, 'SofiaGarcia@gmail.com', 'nomegusta'),
(7052, 'ValenGomez01@gmail.com', 'nomegusta'),
(7054, 'AlejandraHernan@gmail.com', 'nomegusta'),
(7054, 'zed@gmail.com', 'nomegusta'),
(7054, 'AnaRojas2002@gmail.com', 'nomegusta'),
(7054, 'AndreaMontoya@gmail.com', 'nomegusta'),
(7054, 'AndresFelipe@gmail.com', 'nomegusta'),
(7054, 'CamilaRamirez@gmail.com', 'nomegusta'),
(7054, 'CarlosAndres@gmail.com', 'nomegusta'),
(7054, 'danaeslo2004@gmail.com', 'nomegusta'),
(7054, 'DanielaVargas@gmail.com', 'nomegusta'),
(7054, 'DavidTorres@gmail.com', 'nomegusta'),
(7054, 'DianaHerrera@gmail.com', 'nomegusta'),
(7054, 'DiegoArango@gmail.com', 'nomegusta'),
(7054, 'face-job-admin@facejob.com', 'nomegusta'),
(7054, 'IsabelRestrepo@gmail.com', 'nomegusta'),
(7054, 'JavierRojas@gmail.com', 'nomegusta'),
(7054, 'JoseManuel@gmail.com', 'nomegusta'),
(7054, 'JosePerea@gmail.com', 'nomegusta'),
(7054, 'JuanPabloM@gmail.com', 'nomegusta'),
(7054, 'LauraMartinez@gmail.com', 'nomegusta'),
(7054, 'LuisMiguel2001@gmail.com', 'nomegusta'),
(7054, 'MariaFernanda@gmail.com', 'nomegusta'),
(7054, 'NataliaTorres01@gmail.com', 'nomegusta'),
(7054, 'PaulaRodriguez@gmail.com', 'nomegusta'),
(7054, 'SantiagoGonzales@gmail.com', 'nomegusta'),
(7054, 'SofiaGarcia@gmail.com', 'nomegusta'),
(7054, 'ValenGomez01@gmail.com', 'nomegusta'),
(7055, 'AlejandraHernan@gmail.com', 'nomegusta'),
(7055, 'zed@gmail.com', 'nomegusta'),
(7055, 'AnaRojas2002@gmail.com', 'nomegusta'),
(7055, 'AndreaMontoya@gmail.com', 'nomegusta'),
(7055, 'AndresFelipe@gmail.com', 'nomegusta'),
(7055, 'CamilaRamirez@gmail.com', 'nomegusta'),
(7055, 'CarlosAndres@gmail.com', 'nomegusta'),
(7055, 'danaeslo2004@gmail.com', 'nomegusta'),
(7055, 'DanielaVargas@gmail.com', 'nomegusta'),
(7055, 'DavidTorres@gmail.com', 'nomegusta'),
(7055, 'DianaHerrera@gmail.com', 'nomegusta'),
(7055, 'DiegoArango@gmail.com', 'nomegusta'),
(7055, 'face-job-admin@facejob.com', 'nomegusta'),
(7055, 'IsabelRestrepo@gmail.com', 'nomegusta'),
(7055, 'JavierRojas@gmail.com', 'nomegusta'),
(7055, 'JoseManuel@gmail.com', 'nomegusta'),
(7055, 'JosePerea@gmail.com', 'nomegusta'),
(7055, 'JuanPabloM@gmail.com', 'nomegusta'),
(7055, 'LauraMartinez@gmail.com', 'nomegusta'),
(7055, 'LuisMiguel2001@gmail.com', 'nomegusta'),
(7055, 'MariaFernanda@gmail.com', 'nomegusta'),
(7055, 'NataliaTorres01@gmail.com', 'nomegusta'),
(7055, 'PaulaRodriguez@gmail.com', 'nomegusta'),
(7055, 'SantiagoGonzales@gmail.com', 'nomegusta'),
(7055, 'SofiaGarcia@gmail.com', 'nomegusta'),
(7055, 'ValenGomez01@gmail.com', 'nomegusta'),
(7056, 'AlejandraHernan@gmail.com', 'nomegusta'),
(7056, 'zed@gmail.com', 'nomegusta'),
(7056, 'AnaRojas2002@gmail.com', 'nomegusta'),
(7056, 'AndreaMontoya@gmail.com', 'nomegusta'),
(7056, 'AndresFelipe@gmail.com', 'nomegusta'),
(7056, 'CamilaRamirez@gmail.com', 'nomegusta'),
(7056, 'CarlosAndres@gmail.com', 'nomegusta'),
(7056, 'danaeslo2004@gmail.com', 'nomegusta'),
(7056, 'DanielaVargas@gmail.com', 'nomegusta'),
(7056, 'DavidTorres@gmail.com', 'nomegusta'),
(7056, 'DianaHerrera@gmail.com', 'nomegusta'),
(7056, 'DiegoArango@gmail.com', 'nomegusta'),
(7056, 'face-job-admin@facejob.com', 'nomegusta'),
(7056, 'IsabelRestrepo@gmail.com', 'nomegusta'),
(7056, 'JavierRojas@gmail.com', 'nomegusta'),
(7056, 'JoseManuel@gmail.com', 'nomegusta'),
(7056, 'JosePerea@gmail.com', 'nomegusta'),
(7056, 'JuanPabloM@gmail.com', 'nomegusta'),
(7056, 'LauraMartinez@gmail.com', 'nomegusta'),
(7056, 'LuisMiguel2001@gmail.com', 'nomegusta'),
(7056, 'MariaFernanda@gmail.com', 'nomegusta'),
(7056, 'NataliaTorres01@gmail.com', 'nomegusta'),
(7056, 'PaulaRodriguez@gmail.com', 'nomegusta'),
(7056, 'SantiagoGonzales@gmail.com', 'nomegusta'),
(7056, 'SofiaGarcia@gmail.com', 'nomegusta'),
(7056, 'ValenGomez01@gmail.com', 'nomegusta'),
(7057, 'AlejandraHernan@gmail.com', 'nomegusta'),
(7057, 'zed@gmail.com', 'nomegusta'),
(7057, 'AnaRojas2002@gmail.com', 'nomegusta'),
(7057, 'AndreaMontoya@gmail.com', 'nomegusta'),
(7057, 'AndresFelipe@gmail.com', 'nomegusta'),
(7057, 'CamilaRamirez@gmail.com', 'nomegusta'),
(7057, 'CarlosAndres@gmail.com', 'nomegusta'),
(7057, 'danaeslo2004@gmail.com', 'nomegusta'),
(7057, 'DanielaVargas@gmail.com', 'nomegusta'),
(7057, 'DavidTorres@gmail.com', 'nomegusta'),
(7057, 'DianaHerrera@gmail.com', 'nomegusta'),
(7057, 'DiegoArango@gmail.com', 'nomegusta'),
(7057, 'face-job-admin@facejob.com', 'nomegusta'),
(7057, 'IsabelRestrepo@gmail.com', 'nomegusta'),
(7057, 'JavierRojas@gmail.com', 'nomegusta'),
(7057, 'JoseManuel@gmail.com', 'nomegusta'),
(7057, 'JosePerea@gmail.com', 'nomegusta'),
(7057, 'JuanPabloM@gmail.com', 'nomegusta'),
(7057, 'LauraMartinez@gmail.com', 'nomegusta'),
(7057, 'LuisMiguel2001@gmail.com', 'nomegusta'),
(7057, 'MariaFernanda@gmail.com', 'nomegusta'),
(7057, 'NataliaTorres01@gmail.com', 'nomegusta'),
(7057, 'PaulaRodriguez@gmail.com', 'nomegusta'),
(7057, 'SantiagoGonzales@gmail.com', 'nomegusta'),
(7057, 'SofiaGarcia@gmail.com', 'nomegusta'),
(7057, 'ValenGomez01@gmail.com', 'nomegusta'),
(7058, 'AlejandraHernan@gmail.com', 'nomegusta'),
(7058, 'zed@gmail.com', 'nomegusta'),
(7058, 'AnaRojas2002@gmail.com', 'nomegusta'),
(7058, 'AndreaMontoya@gmail.com', 'nomegusta'),
(7058, 'AndresFelipe@gmail.com', 'nomegusta'),
(7058, 'CamilaRamirez@gmail.com', 'nomegusta'),
(7058, 'CarlosAndres@gmail.com', 'nomegusta'),
(7058, 'danaeslo2004@gmail.com', 'nomegusta'),
(7058, 'DanielaVargas@gmail.com', 'nomegusta'),
(7058, 'DavidTorres@gmail.com', 'nomegusta'),
(7058, 'DianaHerrera@gmail.com', 'nomegusta'),
(7058, 'DiegoArango@gmail.com', 'nomegusta'),
(7058, 'face-job-admin@facejob.com', 'nomegusta'),
(7058, 'IsabelRestrepo@gmail.com', 'nomegusta'),
(7058, 'JavierRojas@gmail.com', 'nomegusta'),
(7058, 'JoseManuel@gmail.com', 'nomegusta'),
(7058, 'JosePerea@gmail.com', 'nomegusta'),
(7058, 'JuanPabloM@gmail.com', 'nomegusta'),
(7058, 'LauraMartinez@gmail.com', 'nomegusta'),
(7058, 'LuisMiguel2001@gmail.com', 'nomegusta'),
(7058, 'MariaFernanda@gmail.com', 'nomegusta'),
(7058, 'NataliaTorres01@gmail.com', 'nomegusta'),
(7058, 'PaulaRodriguez@gmail.com', 'nomegusta'),
(7058, 'SantiagoGonzales@gmail.com', 'nomegusta'),
(7058, 'SofiaGarcia@gmail.com', 'nomegusta'),
(7058, 'ValenGomez01@gmail.com', 'nomegusta'),
(7059, 'AlejandraHernan@gmail.com', 'nomegusta'),
(7059, 'zed@gmail.com', 'nomegusta'),
(7059, 'AnaRojas2002@gmail.com', 'nomegusta'),
(7059, 'AndreaMontoya@gmail.com', 'nomegusta'),
(7059, 'AndresFelipe@gmail.com', 'nomegusta'),
(7059, 'CamilaRamirez@gmail.com', 'nomegusta'),
(7059, 'CarlosAndres@gmail.com', 'nomegusta'),
(7059, 'danaeslo2004@gmail.com', 'nomegusta'),
(7059, 'DanielaVargas@gmail.com', 'nomegusta'),
(7059, 'DavidTorres@gmail.com', 'nomegusta'),
(7059, 'DianaHerrera@gmail.com', 'nomegusta'),
(7059, 'DiegoArango@gmail.com', 'nomegusta'),
(7059, 'face-job-admin@facejob.com', 'nomegusta'),
(7059, 'IsabelRestrepo@gmail.com', 'nomegusta'),
(7059, 'JavierRojas@gmail.com', 'nomegusta'),
(7059, 'JoseManuel@gmail.com', 'nomegusta'),
(7059, 'JosePerea@gmail.com', 'nomegusta'),
(7059, 'JuanPabloM@gmail.com', 'nomegusta'),
(7059, 'LauraMartinez@gmail.com', 'nomegusta'),
(7059, 'LuisMiguel2001@gmail.com', 'nomegusta'),
(7059, 'MariaFernanda@gmail.com', 'nomegusta'),
(7059, 'NataliaTorres01@gmail.com', 'nomegusta'),
(7059, 'PaulaRodriguez@gmail.com', 'nomegusta'),
(7059, 'SantiagoGonzales@gmail.com', 'nomegusta'),
(7059, 'SofiaGarcia@gmail.com', 'nomegusta'),
(7059, 'ValenGomez01@gmail.com', 'nomegusta'),
(7060, 'AlejandraHernan@gmail.com', 'nomegusta'),
(7060, 'zed@gmail.com', 'nomegusta'),
(7060, 'AnaRojas2002@gmail.com', 'nomegusta'),
(7060, 'AndreaMontoya@gmail.com', 'nomegusta'),
(7060, 'AndresFelipe@gmail.com', 'nomegusta'),
(7060, 'CamilaRamirez@gmail.com', 'nomegusta'),
(7060, 'CarlosAndres@gmail.com', 'nomegusta'),
(7060, 'danaeslo2004@gmail.com', 'nomegusta'),
(7060, 'DanielaVargas@gmail.com', 'nomegusta'),
(7060, 'DavidTorres@gmail.com', 'nomegusta'),
(7060, 'DianaHerrera@gmail.com', 'nomegusta'),
(7060, 'DiegoArango@gmail.com', 'nomegusta'),
(7060, 'face-job-admin@facejob.com', 'nomegusta'),
(7060, 'IsabelRestrepo@gmail.com', 'nomegusta'),
(7060, 'JavierRojas@gmail.com', 'nomegusta'),
(7060, 'JoseManuel@gmail.com', 'nomegusta'),
(7060, 'JosePerea@gmail.com', 'nomegusta'),
(7060, 'JuanPabloM@gmail.com', 'nomegusta'),
(7060, 'LauraMartinez@gmail.com', 'nomegusta'),
(7060, 'LuisMiguel2001@gmail.com', 'nomegusta'),
(7060, 'MariaFernanda@gmail.com', 'nomegusta'),
(7060, 'NataliaTorres01@gmail.com', 'nomegusta'),
(7060, 'PaulaRodriguez@gmail.com', 'nomegusta'),
(7060, 'SantiagoGonzales@gmail.com', 'nomegusta'),
(7060, 'SofiaGarcia@gmail.com', 'nomegusta'),
(7060, 'ValenGomez01@gmail.com', 'nomegusta'),
(7061, 'AlejandraHernan@gmail.com', 'nomegusta'),
(7061, 'zed@gmail.com', 'nomegusta'),
(7061, 'AnaRojas2002@gmail.com', 'nomegusta'),
(7061, 'AndreaMontoya@gmail.com', 'nomegusta'),
(7061, 'AndresFelipe@gmail.com', 'nomegusta'),
(7061, 'CamilaRamirez@gmail.com', 'nomegusta'),
(7061, 'CarlosAndres@gmail.com', 'nomegusta'),
(7061, 'danaeslo2004@gmail.com', 'nomegusta'),
(7061, 'DanielaVargas@gmail.com', 'nomegusta'),
(7061, 'DavidTorres@gmail.com', 'nomegusta'),
(7061, 'DianaHerrera@gmail.com', 'nomegusta'),
(7061, 'DiegoArango@gmail.com', 'nomegusta'),
(7061, 'face-job-admin@facejob.com', 'nomegusta'),
(7061, 'IsabelRestrepo@gmail.com', 'nomegusta'),
(7061, 'JavierRojas@gmail.com', 'nomegusta'),
(7061, 'JoseManuel@gmail.com', 'nomegusta'),
(7061, 'JosePerea@gmail.com', 'nomegusta'),
(7061, 'JuanPabloM@gmail.com', 'nomegusta'),
(7061, 'LauraMartinez@gmail.com', 'nomegusta'),
(7061, 'LuisMiguel2001@gmail.com', 'nomegusta'),
(7061, 'MariaFernanda@gmail.com', 'nomegusta'),
(7061, 'NataliaTorres01@gmail.com', 'nomegusta'),
(7061, 'PaulaRodriguez@gmail.com', 'nomegusta'),
(7061, 'SantiagoGonzales@gmail.com', 'nomegusta'),
(7061, 'SofiaGarcia@gmail.com', 'nomegusta'),
(7061, 'ValenGomez01@gmail.com', 'nomegusta'),
(7062, 'AlejandraHernan@gmail.com', 'nomegusta'),
(7062, 'zed@gmail.com', 'nomegusta'),
(7062, 'AnaRojas2002@gmail.com', 'nomegusta'),
(7062, 'AndreaMontoya@gmail.com', 'nomegusta'),
(7062, 'AndresFelipe@gmail.com', 'nomegusta'),
(7062, 'CamilaRamirez@gmail.com', 'nomegusta'),
(7062, 'CarlosAndres@gmail.com', 'nomegusta'),
(7062, 'danaeslo2004@gmail.com', 'nomegusta'),
(7062, 'DanielaVargas@gmail.com', 'nomegusta'),
(7062, 'DavidTorres@gmail.com', 'nomegusta'),
(7062, 'DianaHerrera@gmail.com', 'nomegusta'),
(7062, 'DiegoArango@gmail.com', 'nomegusta'),
(7062, 'face-job-admin@facejob.com', 'nomegusta'),
(7062, 'IsabelRestrepo@gmail.com', 'nomegusta'),
(7062, 'JavierRojas@gmail.com', 'nomegusta'),
(7062, 'JoseManuel@gmail.com', 'nomegusta'),
(7062, 'JosePerea@gmail.com', 'nomegusta'),
(7062, 'JuanPabloM@gmail.com', 'nomegusta'),
(7062, 'LauraMartinez@gmail.com', 'nomegusta'),
(7062, 'LuisMiguel2001@gmail.com', 'nomegusta'),
(7062, 'MariaFernanda@gmail.com', 'nomegusta'),
(7062, 'NataliaTorres01@gmail.com', 'nomegusta'),
(7062, 'PaulaRodriguez@gmail.com', 'nomegusta'),
(7062, 'SantiagoGonzales@gmail.com', 'nomegusta'),
(7062, 'SofiaGarcia@gmail.com', 'nomegusta'),
(7062, 'ValenGomez01@gmail.com', 'nomegusta'),
(7063, 'AlejandraHernan@gmail.com', 'nomegusta'),
(7063, 'zed@gmail.com', 'nomegusta'),
(7063, 'AnaRojas2002@gmail.com', 'nomegusta'),
(7063, 'AndreaMontoya@gmail.com', 'nomegusta'),
(7063, 'AndresFelipe@gmail.com', 'nomegusta'),
(7063, 'CamilaRamirez@gmail.com', 'nomegusta'),
(7063, 'CarlosAndres@gmail.com', 'nomegusta'),
(7063, 'danaeslo2004@gmail.com', 'nomegusta'),
(7063, 'DanielaVargas@gmail.com', 'nomegusta'),
(7063, 'DavidTorres@gmail.com', 'nomegusta'),
(7063, 'DianaHerrera@gmail.com', 'nomegusta'),
(7063, 'DiegoArango@gmail.com', 'nomegusta'),
(7063, 'face-job-admin@facejob.com', 'nomegusta'),
(7063, 'IsabelRestrepo@gmail.com', 'nomegusta'),
(7063, 'JavierRojas@gmail.com', 'nomegusta'),
(7063, 'JoseManuel@gmail.com', 'nomegusta'),
(7063, 'JosePerea@gmail.com', 'nomegusta'),
(7063, 'JuanPabloM@gmail.com', 'nomegusta'),
(7063, 'LauraMartinez@gmail.com', 'nomegusta'),
(7063, 'LuisMiguel2001@gmail.com', 'nomegusta'),
(7063, 'MariaFernanda@gmail.com', 'nomegusta'),
(7063, 'NataliaTorres01@gmail.com', 'nomegusta'),
(7063, 'PaulaRodriguez@gmail.com', 'nomegusta'),
(7063, 'SantiagoGonzales@gmail.com', 'nomegusta'),
(7063, 'SofiaGarcia@gmail.com', 'nomegusta'),
(7063, 'ValenGomez01@gmail.com', 'nomegusta'),
(7064, 'AlejandraHernan@gmail.com', 'nomegusta'),
(7064, 'zed@gmail.com', 'nomegusta'),
(7064, 'AnaRojas2002@gmail.com', 'nomegusta'),
(7064, 'AndreaMontoya@gmail.com', 'nomegusta'),
(7064, 'AndresFelipe@gmail.com', 'nomegusta'),
(7064, 'CamilaRamirez@gmail.com', 'nomegusta'),
(7064, 'CarlosAndres@gmail.com', 'nomegusta'),
(7064, 'danaeslo2004@gmail.com', 'nomegusta'),
(7064, 'DanielaVargas@gmail.com', 'nomegusta'),
(7064, 'DavidTorres@gmail.com', 'nomegusta'),
(7064, 'DianaHerrera@gmail.com', 'nomegusta'),
(7064, 'DiegoArango@gmail.com', 'nomegusta'),
(7064, 'face-job-admin@facejob.com', 'nomegusta'),
(7064, 'IsabelRestrepo@gmail.com', 'nomegusta'),
(7064, 'JavierRojas@gmail.com', 'nomegusta'),
(7064, 'JoseManuel@gmail.com', 'nomegusta'),
(7064, 'JosePerea@gmail.com', 'nomegusta'),
(7064, 'JuanPabloM@gmail.com', 'nomegusta'),
(7064, 'LauraMartinez@gmail.com', 'nomegusta'),
(7064, 'LuisMiguel2001@gmail.com', 'nomegusta'),
(7064, 'MariaFernanda@gmail.com', 'nomegusta'),
(7064, 'NataliaTorres01@gmail.com', 'nomegusta'),
(7064, 'PaulaRodriguez@gmail.com', 'nomegusta'),
(7064, 'SantiagoGonzales@gmail.com', 'nomegusta'),
(7064, 'SofiaGarcia@gmail.com', 'nomegusta'),
(7064, 'ValenGomez01@gmail.com', 'nomegusta'),
(7065, 'AlejandraHernan@gmail.com', 'nomegusta'),
(7065, 'zed@gmail.com', 'nomegusta'),
(7065, 'AnaRojas2002@gmail.com', 'nomegusta'),
(7065, 'AndreaMontoya@gmail.com', 'nomegusta'),
(7065, 'AndresFelipe@gmail.com', 'nomegusta'),
(7065, 'CamilaRamirez@gmail.com', 'nomegusta'),
(7065, 'CarlosAndres@gmail.com', 'nomegusta'),
(7065, 'danaeslo2004@gmail.com', 'nomegusta'),
(7065, 'DanielaVargas@gmail.com', 'nomegusta'),
(7065, 'DavidTorres@gmail.com', 'nomegusta'),
(7065, 'DianaHerrera@gmail.com', 'nomegusta'),
(7065, 'DiegoArango@gmail.com', 'nomegusta'),
(7065, 'face-job-admin@facejob.com', 'nomegusta'),
(7065, 'IsabelRestrepo@gmail.com', 'nomegusta'),
(7065, 'JavierRojas@gmail.com', 'nomegusta'),
(7065, 'JoseManuel@gmail.com', 'nomegusta'),
(7065, 'JosePerea@gmail.com', 'nomegusta'),
(7065, 'JuanPabloM@gmail.com', 'nomegusta'),
(7065, 'LauraMartinez@gmail.com', 'nomegusta'),
(7065, 'LuisMiguel2001@gmail.com', 'nomegusta'),
(7065, 'MariaFernanda@gmail.com', 'nomegusta'),
(7065, 'NataliaTorres01@gmail.com', 'nomegusta'),
(7065, 'PaulaRodriguez@gmail.com', 'nomegusta'),
(7065, 'SantiagoGonzales@gmail.com', 'nomegusta'),
(7065, 'SofiaGarcia@gmail.com', 'nomegusta'),
(7065, 'ValenGomez01@gmail.com', 'nomegusta'),
(7066, 'AlejandraHernan@gmail.com', 'nomegusta'),
(7066, 'zed@gmail.com', 'nomegusta'),
(7066, 'AnaRojas2002@gmail.com', 'nomegusta'),
(7066, 'AndreaMontoya@gmail.com', 'nomegusta'),
(7066, 'AndresFelipe@gmail.com', 'nomegusta'),
(7066, 'CamilaRamirez@gmail.com', 'nomegusta'),
(7066, 'CarlosAndres@gmail.com', 'nomegusta'),
(7066, 'danaeslo2004@gmail.com', 'nomegusta'),
(7066, 'DanielaVargas@gmail.com', 'nomegusta'),
(7066, 'DavidTorres@gmail.com', 'nomegusta'),
(7066, 'DianaHerrera@gmail.com', 'nomegusta'),
(7066, 'DiegoArango@gmail.com', 'nomegusta'),
(7066, 'face-job-admin@facejob.com', 'nomegusta'),
(7066, 'IsabelRestrepo@gmail.com', 'nomegusta'),
(7066, 'JavierRojas@gmail.com', 'nomegusta'),
(7066, 'JoseManuel@gmail.com', 'nomegusta'),
(7066, 'JosePerea@gmail.com', 'nomegusta'),
(7066, 'JuanPabloM@gmail.com', 'nomegusta'),
(7066, 'LauraMartinez@gmail.com', 'nomegusta'),
(7066, 'LuisMiguel2001@gmail.com', 'nomegusta'),
(7066, 'MariaFernanda@gmail.com', 'nomegusta'),
(7066, 'NataliaTorres01@gmail.com', 'nomegusta'),
(7066, 'PaulaRodriguez@gmail.com', 'nomegusta'),
(7066, 'SantiagoGonzales@gmail.com', 'nomegusta'),
(7066, 'SofiaGarcia@gmail.com', 'nomegusta'),
(7066, 'ValenGomez01@gmail.com', 'nomegusta'),
(7067, 'AlejandraHernan@gmail.com', 'nomegusta'),
(7067, 'zed@gmail.com', 'nomegusta'),
(7067, 'AnaRojas2002@gmail.com', 'nomegusta'),
(7067, 'AndreaMontoya@gmail.com', 'nomegusta'),
(7067, 'AndresFelipe@gmail.com', 'nomegusta'),
(7067, 'CamilaRamirez@gmail.com', 'nomegusta'),
(7067, 'CarlosAndres@gmail.com', 'nomegusta'),
(7067, 'danaeslo2004@gmail.com', 'nomegusta'),
(7067, 'DanielaVargas@gmail.com', 'nomegusta'),
(7067, 'DavidTorres@gmail.com', 'nomegusta'),
(7067, 'DianaHerrera@gmail.com', 'nomegusta'),
(7067, 'DiegoArango@gmail.com', 'nomegusta'),
(7067, 'face-job-admin@facejob.com', 'nomegusta'),
(7067, 'IsabelRestrepo@gmail.com', 'nomegusta'),
(7067, 'JavierRojas@gmail.com', 'nomegusta'),
(7067, 'JoseManuel@gmail.com', 'nomegusta'),
(7067, 'JosePerea@gmail.com', 'nomegusta'),
(7067, 'JuanPabloM@gmail.com', 'nomegusta'),
(7067, 'LauraMartinez@gmail.com', 'nomegusta'),
(7067, 'LuisMiguel2001@gmail.com', 'nomegusta'),
(7067, 'MariaFernanda@gmail.com', 'nomegusta'),
(7067, 'NataliaTorres01@gmail.com', 'nomegusta'),
(7067, 'PaulaRodriguez@gmail.com', 'nomegusta'),
(7067, 'SantiagoGonzales@gmail.com', 'nomegusta'),
(7067, 'SofiaGarcia@gmail.com', 'nomegusta'),
(7067, 'ValenGomez01@gmail.com', 'nomegusta'),
(7069, 'AlejandraHernan@gmail.com', 'nomegusta'),
(7069, 'zed@gmail.com', 'nomegusta'),
(7069, 'AnaRojas2002@gmail.com', 'nomegusta'),
(7069, 'AndreaMontoya@gmail.com', 'nomegusta'),
(7069, 'AndresFelipe@gmail.com', 'nomegusta'),
(7069, 'CamilaRamirez@gmail.com', 'nomegusta'),
(7069, 'CarlosAndres@gmail.com', 'nomegusta'),
(7069, 'danaeslo2004@gmail.com', 'nomegusta'),
(7069, 'DanielaVargas@gmail.com', 'nomegusta'),
(7069, 'DavidTorres@gmail.com', 'nomegusta'),
(7069, 'DianaHerrera@gmail.com', 'nomegusta'),
(7069, 'DiegoArango@gmail.com', 'nomegusta'),
(7069, 'face-job-admin@facejob.com', 'nomegusta'),
(7069, 'IsabelRestrepo@gmail.com', 'nomegusta'),
(7069, 'JavierRojas@gmail.com', 'nomegusta'),
(7069, 'JoseManuel@gmail.com', 'nomegusta'),
(7069, 'JosePerea@gmail.com', 'nomegusta'),
(7069, 'JuanPabloM@gmail.com', 'nomegusta'),
(7069, 'LauraMartinez@gmail.com', 'nomegusta'),
(7069, 'LuisMiguel2001@gmail.com', 'nomegusta'),
(7069, 'MariaFernanda@gmail.com', 'nomegusta'),
(7069, 'NataliaTorres01@gmail.com', 'nomegusta'),
(7069, 'PaulaRodriguez@gmail.com', 'nomegusta'),
(7069, 'SantiagoGonzales@gmail.com', 'nomegusta'),
(7069, 'SofiaGarcia@gmail.com', 'nomegusta'),
(7069, 'ValenGomez01@gmail.com', 'nomegusta'),
(7070, 'AlejandraHernan@gmail.com', 'nomegusta'),
(7070, 'zed@gmail.com', 'nomegusta'),
(7070, 'AnaRojas2002@gmail.com', 'nomegusta'),
(7070, 'AndreaMontoya@gmail.com', 'nomegusta'),
(7070, 'AndresFelipe@gmail.com', 'nomegusta'),
(7070, 'CamilaRamirez@gmail.com', 'nomegusta'),
(7070, 'CarlosAndres@gmail.com', 'nomegusta'),
(7070, 'danaeslo2004@gmail.com', 'nomegusta'),
(7070, 'DanielaVargas@gmail.com', 'nomegusta'),
(7070, 'DavidTorres@gmail.com', 'nomegusta'),
(7070, 'DianaHerrera@gmail.com', 'nomegusta'),
(7070, 'DiegoArango@gmail.com', 'nomegusta'),
(7070, 'face-job-admin@facejob.com', 'nomegusta'),
(7070, 'IsabelRestrepo@gmail.com', 'nomegusta'),
(7070, 'JavierRojas@gmail.com', 'nomegusta'),
(7070, 'JoseManuel@gmail.com', 'nomegusta'),
(7070, 'JosePerea@gmail.com', 'nomegusta'),
(7070, 'JuanPabloM@gmail.com', 'nomegusta'),
(7070, 'LauraMartinez@gmail.com', 'nomegusta'),
(7070, 'LuisMiguel2001@gmail.com', 'nomegusta'),
(7070, 'MariaFernanda@gmail.com', 'nomegusta'),
(7070, 'NataliaTorres01@gmail.com', 'nomegusta'),
(7070, 'PaulaRodriguez@gmail.com', 'nomegusta'),
(7070, 'SantiagoGonzales@gmail.com', 'nomegusta'),
(7070, 'SofiaGarcia@gmail.com', 'nomegusta'),
(7070, 'ValenGomez01@gmail.com', 'nomegusta'),
(7071, 'AlejandraHernan@gmail.com', 'nomegusta'),
(7071, 'zed@gmail.com', 'nomegusta'),
(7071, 'AnaRojas2002@gmail.com', 'nomegusta'),
(7071, 'AndreaMontoya@gmail.com', 'nomegusta'),
(7071, 'AndresFelipe@gmail.com', 'nomegusta'),
(7071, 'CamilaRamirez@gmail.com', 'nomegusta'),
(7071, 'CarlosAndres@gmail.com', 'nomegusta'),
(7071, 'danaeslo2004@gmail.com', 'nomegusta'),
(7071, 'DanielaVargas@gmail.com', 'nomegusta'),
(7071, 'DavidTorres@gmail.com', 'nomegusta'),
(7071, 'DianaHerrera@gmail.com', 'nomegusta'),
(7071, 'DiegoArango@gmail.com', 'nomegusta'),
(7071, 'face-job-admin@facejob.com', 'nomegusta'),
(7071, 'IsabelRestrepo@gmail.com', 'nomegusta'),
(7071, 'JavierRojas@gmail.com', 'nomegusta'),
(7071, 'JoseManuel@gmail.com', 'nomegusta'),
(7071, 'JosePerea@gmail.com', 'nomegusta'),
(7071, 'JuanPabloM@gmail.com', 'nomegusta'),
(7071, 'LauraMartinez@gmail.com', 'nomegusta'),
(7071, 'LuisMiguel2001@gmail.com', 'nomegusta'),
(7071, 'MariaFernanda@gmail.com', 'nomegusta'),
(7071, 'NataliaTorres01@gmail.com', 'nomegusta'),
(7071, 'PaulaRodriguez@gmail.com', 'nomegusta'),
(7071, 'SantiagoGonzales@gmail.com', 'nomegusta'),
(7071, 'SofiaGarcia@gmail.com', 'nomegusta'),
(7071, 'ValenGomez01@gmail.com', 'nomegusta'),
(7072, 'AlejandraHernan@gmail.com', 'nomegusta'),
(7072, 'zed@gmail.com', 'nomegusta'),
(7072, 'AnaRojas2002@gmail.com', 'nomegusta'),
(7072, 'AndreaMontoya@gmail.com', 'nomegusta'),
(7072, 'AndresFelipe@gmail.com', 'nomegusta'),
(7072, 'CamilaRamirez@gmail.com', 'nomegusta'),
(7072, 'CarlosAndres@gmail.com', 'nomegusta'),
(7072, 'danaeslo2004@gmail.com', 'nomegusta'),
(7072, 'DanielaVargas@gmail.com', 'nomegusta'),
(7072, 'DavidTorres@gmail.com', 'nomegusta'),
(7072, 'DianaHerrera@gmail.com', 'nomegusta'),
(7072, 'DiegoArango@gmail.com', 'nomegusta'),
(7072, 'face-job-admin@facejob.com', 'nomegusta'),
(7072, 'IsabelRestrepo@gmail.com', 'nomegusta'),
(7072, 'JavierRojas@gmail.com', 'nomegusta'),
(7072, 'JoseManuel@gmail.com', 'nomegusta'),
(7072, 'JosePerea@gmail.com', 'nomegusta'),
(7072, 'JuanPabloM@gmail.com', 'nomegusta'),
(7072, 'LauraMartinez@gmail.com', 'nomegusta'),
(7072, 'LuisMiguel2001@gmail.com', 'nomegusta'),
(7072, 'MariaFernanda@gmail.com', 'nomegusta'),
(7072, 'NataliaTorres01@gmail.com', 'nomegusta'),
(7072, 'PaulaRodriguez@gmail.com', 'nomegusta'),
(7072, 'SantiagoGonzales@gmail.com', 'nomegusta'),
(7072, 'SofiaGarcia@gmail.com', 'nomegusta'),
(7072, 'ValenGomez01@gmail.com', 'nomegusta'),
(7073, 'AlejandraHernan@gmail.com', 'nomegusta'),
(7073, 'zed@gmail.com', 'nomegusta'),
(7073, 'AnaRojas2002@gmail.com', 'nomegusta'),
(7073, 'AndreaMontoya@gmail.com', 'nomegusta'),
(7073, 'AndresFelipe@gmail.com', 'nomegusta'),
(7073, 'CamilaRamirez@gmail.com', 'nomegusta'),
(7073, 'CarlosAndres@gmail.com', 'nomegusta'),
(7073, 'danaeslo2004@gmail.com', 'nomegusta'),
(7073, 'DanielaVargas@gmail.com', 'nomegusta'),
(7073, 'DavidTorres@gmail.com', 'nomegusta'),
(7073, 'DianaHerrera@gmail.com', 'nomegusta'),
(7073, 'DiegoArango@gmail.com', 'nomegusta'),
(7073, 'face-job-admin@facejob.com', 'nomegusta'),
(7073, 'IsabelRestrepo@gmail.com', 'nomegusta'),
(7073, 'JavierRojas@gmail.com', 'nomegusta'),
(7073, 'JoseManuel@gmail.com', 'nomegusta'),
(7073, 'JosePerea@gmail.com', 'nomegusta'),
(7073, 'JuanPabloM@gmail.com', 'nomegusta'),
(7073, 'LauraMartinez@gmail.com', 'nomegusta'),
(7073, 'LuisMiguel2001@gmail.com', 'nomegusta'),
(7073, 'MariaFernanda@gmail.com', 'nomegusta'),
(7073, 'NataliaTorres01@gmail.com', 'nomegusta'),
(7073, 'PaulaRodriguez@gmail.com', 'nomegusta'),
(7073, 'SantiagoGonzales@gmail.com', 'nomegusta'),
(7073, 'SofiaGarcia@gmail.com', 'nomegusta'),
(7073, 'ValenGomez01@gmail.com', 'nomegusta'),
(7074, 'AlejandraHernan@gmail.com', 'nomegusta'),
(7074, 'zed@gmail.com', 'nomegusta'),
(7074, 'AnaRojas2002@gmail.com', 'nomegusta'),
(7074, 'AndreaMontoya@gmail.com', 'nomegusta'),
(7074, 'AndresFelipe@gmail.com', 'nomegusta'),
(7074, 'CamilaRamirez@gmail.com', 'nomegusta'),
(7074, 'CarlosAndres@gmail.com', 'nomegusta'),
(7074, 'danaeslo2004@gmail.com', 'nomegusta'),
(7074, 'DanielaVargas@gmail.com', 'nomegusta'),
(7074, 'DavidTorres@gmail.com', 'nomegusta'),
(7074, 'DianaHerrera@gmail.com', 'nomegusta'),
(7074, 'DiegoArango@gmail.com', 'nomegusta'),
(7074, 'face-job-admin@facejob.com', 'nomegusta'),
(7074, 'IsabelRestrepo@gmail.com', 'nomegusta'),
(7074, 'JavierRojas@gmail.com', 'nomegusta'),
(7074, 'JoseManuel@gmail.com', 'nomegusta'),
(7074, 'JosePerea@gmail.com', 'nomegusta'),
(7074, 'JuanPabloM@gmail.com', 'nomegusta'),
(7074, 'LauraMartinez@gmail.com', 'nomegusta'),
(7074, 'LuisMiguel2001@gmail.com', 'nomegusta'),
(7074, 'MariaFernanda@gmail.com', 'nomegusta'),
(7074, 'NataliaTorres01@gmail.com', 'nomegusta'),
(7074, 'PaulaRodriguez@gmail.com', 'nomegusta'),
(7074, 'SantiagoGonzales@gmail.com', 'nomegusta'),
(7074, 'SofiaGarcia@gmail.com', 'nomegusta'),
(7074, 'ValenGomez01@gmail.com', 'nomegusta'),
(7076, 'AlejandraHernan@gmail.com', 'nomegusta'),
(7076, 'zed@gmail.com', 'nomegusta'),
(7076, 'AnaRojas2002@gmail.com', 'nomegusta'),
(7076, 'AndreaMontoya@gmail.com', 'nomegusta'),
(7076, 'AndresFelipe@gmail.com', 'nomegusta'),
(7076, 'CamilaRamirez@gmail.com', 'nomegusta'),
(7076, 'CarlosAndres@gmail.com', 'nomegusta'),
(7076, 'danaeslo2004@gmail.com', 'nomegusta'),
(7076, 'DanielaVargas@gmail.com', 'nomegusta'),
(7076, 'DavidTorres@gmail.com', 'nomegusta'),
(7076, 'DianaHerrera@gmail.com', 'nomegusta'),
(7076, 'DiegoArango@gmail.com', 'nomegusta'),
(7076, 'face-job-admin@facejob.com', 'nomegusta'),
(7076, 'IsabelRestrepo@gmail.com', 'nomegusta'),
(7076, 'JavierRojas@gmail.com', 'nomegusta'),
(7076, 'JoseManuel@gmail.com', 'nomegusta'),
(7076, 'JosePerea@gmail.com', 'nomegusta'),
(7076, 'JuanPabloM@gmail.com', 'nomegusta'),
(7076, 'LauraMartinez@gmail.com', 'nomegusta'),
(7076, 'LuisMiguel2001@gmail.com', 'nomegusta'),
(7076, 'MariaFernanda@gmail.com', 'nomegusta'),
(7076, 'NataliaTorres01@gmail.com', 'nomegusta'),
(7076, 'PaulaRodriguez@gmail.com', 'nomegusta'),
(7076, 'SantiagoGonzales@gmail.com', 'nomegusta'),
(7076, 'SofiaGarcia@gmail.com', 'nomegusta'),
(7076, 'ValenGomez01@gmail.com', 'nomegusta'),
(7077, 'AlejandraHernan@gmail.com', 'nomegusta'),
(7077, 'zed@gmail.com', 'nomegusta'),
(7077, 'AnaRojas2002@gmail.com', 'nomegusta'),
(7077, 'AndreaMontoya@gmail.com', 'nomegusta'),
(7077, 'AndresFelipe@gmail.com', 'nomegusta'),
(7077, 'CamilaRamirez@gmail.com', 'nomegusta'),
(7077, 'CarlosAndres@gmail.com', 'nomegusta'),
(7077, 'danaeslo2004@gmail.com', 'nomegusta'),
(7077, 'DanielaVargas@gmail.com', 'nomegusta'),
(7077, 'DavidTorres@gmail.com', 'nomegusta'),
(7077, 'DianaHerrera@gmail.com', 'nomegusta'),
(7077, 'DiegoArango@gmail.com', 'nomegusta'),
(7077, 'face-job-admin@facejob.com', 'nomegusta'),
(7077, 'IsabelRestrepo@gmail.com', 'nomegusta'),
(7077, 'JavierRojas@gmail.com', 'nomegusta'),
(7077, 'JoseManuel@gmail.com', 'nomegusta'),
(7077, 'JosePerea@gmail.com', 'nomegusta'),
(7077, 'JuanPabloM@gmail.com', 'nomegusta'),
(7077, 'LauraMartinez@gmail.com', 'nomegusta'),
(7077, 'LuisMiguel2001@gmail.com', 'nomegusta'),
(7077, 'MariaFernanda@gmail.com', 'nomegusta'),
(7077, 'NataliaTorres01@gmail.com', 'nomegusta'),
(7077, 'PaulaRodriguez@gmail.com', 'nomegusta'),
(7077, 'SantiagoGonzales@gmail.com', 'nomegusta'),
(7077, 'SofiaGarcia@gmail.com', 'nomegusta'),
(7077, 'ValenGomez01@gmail.com', 'nomegusta'),
(7078, 'AlejandraHernan@gmail.com', 'nomegusta'),
(7078, 'zed@gmail.com', 'nomegusta'),
(7078, 'AnaRojas2002@gmail.com', 'nomegusta'),
(7078, 'AndreaMontoya@gmail.com', 'nomegusta'),
(7078, 'AndresFelipe@gmail.com', 'nomegusta'),
(7078, 'CamilaRamirez@gmail.com', 'nomegusta'),
(7078, 'CarlosAndres@gmail.com', 'nomegusta'),
(7078, 'danaeslo2004@gmail.com', 'nomegusta'),
(7078, 'DanielaVargas@gmail.com', 'nomegusta'),
(7078, 'DavidTorres@gmail.com', 'nomegusta'),
(7078, 'DianaHerrera@gmail.com', 'nomegusta'),
(7078, 'DiegoArango@gmail.com', 'nomegusta'),
(7078, 'face-job-admin@facejob.com', 'nomegusta'),
(7078, 'IsabelRestrepo@gmail.com', 'nomegusta'),
(7078, 'JavierRojas@gmail.com', 'nomegusta'),
(7078, 'JoseManuel@gmail.com', 'nomegusta'),
(7078, 'JosePerea@gmail.com', 'nomegusta'),
(7078, 'JuanPabloM@gmail.com', 'nomegusta'),
(7078, 'LauraMartinez@gmail.com', 'nomegusta'),
(7078, 'LuisMiguel2001@gmail.com', 'nomegusta'),
(7078, 'MariaFernanda@gmail.com', 'nomegusta'),
(7078, 'NataliaTorres01@gmail.com', 'nomegusta'),
(7078, 'PaulaRodriguez@gmail.com', 'nomegusta'),
(7078, 'SantiagoGonzales@gmail.com', 'nomegusta'),
(7078, 'SofiaGarcia@gmail.com', 'nomegusta'),
(7078, 'ValenGomez01@gmail.com', 'nomegusta'),
(7079, 'AlejandraHernan@gmail.com', 'nomegusta'),
(7079, 'zed@gmail.com', 'nomegusta'),
(7079, 'AnaRojas2002@gmail.com', 'nomegusta'),
(7079, 'AndreaMontoya@gmail.com', 'nomegusta'),
(7079, 'AndresFelipe@gmail.com', 'nomegusta'),
(7079, 'CamilaRamirez@gmail.com', 'nomegusta'),
(7079, 'CarlosAndres@gmail.com', 'nomegusta'),
(7079, 'danaeslo2004@gmail.com', 'nomegusta'),
(7079, 'DanielaVargas@gmail.com', 'nomegusta'),
(7079, 'DavidTorres@gmail.com', 'nomegusta'),
(7079, 'DianaHerrera@gmail.com', 'nomegusta'),
(7079, 'DiegoArango@gmail.com', 'nomegusta'),
(7079, 'face-job-admin@facejob.com', 'nomegusta'),
(7079, 'IsabelRestrepo@gmail.com', 'nomegusta'),
(7079, 'JavierRojas@gmail.com', 'nomegusta'),
(7079, 'JoseManuel@gmail.com', 'nomegusta'),
(7079, 'JosePerea@gmail.com', 'nomegusta'),
(7079, 'JuanPabloM@gmail.com', 'nomegusta'),
(7079, 'LauraMartinez@gmail.com', 'nomegusta'),
(7079, 'LuisMiguel2001@gmail.com', 'nomegusta'),
(7079, 'MariaFernanda@gmail.com', 'nomegusta'),
(7079, 'NataliaTorres01@gmail.com', 'nomegusta'),
(7079, 'PaulaRodriguez@gmail.com', 'nomegusta'),
(7079, 'SantiagoGonzales@gmail.com', 'nomegusta'),
(7079, 'SofiaGarcia@gmail.com', 'nomegusta'),
(7079, 'ValenGomez01@gmail.com', 'nomegusta'),
(7080, 'AlejandraHernan@gmail.com', 'nomegusta'),
(7080, 'zed@gmail.com', 'nomegusta'),
(7080, 'AnaRojas2002@gmail.com', 'nomegusta'),
(7080, 'AndreaMontoya@gmail.com', 'nomegusta'),
(7080, 'AndresFelipe@gmail.com', 'nomegusta'),
(7080, 'CamilaRamirez@gmail.com', 'nomegusta'),
(7080, 'CarlosAndres@gmail.com', 'nomegusta'),
(7080, 'danaeslo2004@gmail.com', 'nomegusta'),
(7080, 'DanielaVargas@gmail.com', 'nomegusta'),
(7080, 'DavidTorres@gmail.com', 'nomegusta'),
(7080, 'DianaHerrera@gmail.com', 'nomegusta'),
(7080, 'DiegoArango@gmail.com', 'nomegusta'),
(7080, 'face-job-admin@facejob.com', 'nomegusta'),
(7080, 'IsabelRestrepo@gmail.com', 'nomegusta'),
(7080, 'JavierRojas@gmail.com', 'nomegusta'),
(7080, 'JoseManuel@gmail.com', 'nomegusta'),
(7080, 'JosePerea@gmail.com', 'nomegusta'),
(7080, 'JuanPabloM@gmail.com', 'nomegusta'),
(7080, 'LauraMartinez@gmail.com', 'nomegusta'),
(7080, 'LuisMiguel2001@gmail.com', 'nomegusta'),
(7080, 'MariaFernanda@gmail.com', 'nomegusta'),
(7080, 'NataliaTorres01@gmail.com', 'nomegusta'),
(7080, 'PaulaRodriguez@gmail.com', 'nomegusta'),
(7080, 'SantiagoGonzales@gmail.com', 'nomegusta'),
(7080, 'SofiaGarcia@gmail.com', 'nomegusta'),
(7080, 'ValenGomez01@gmail.com', 'nomegusta'),
(7081, 'AlejandraHernan@gmail.com', 'nomegusta'),
(7081, 'zed@gmail.com', 'nomegusta'),
(7081, 'AnaRojas2002@gmail.com', 'nomegusta'),
(7081, 'AndreaMontoya@gmail.com', 'nomegusta'),
(7081, 'AndresFelipe@gmail.com', 'nomegusta'),
(7081, 'CamilaRamirez@gmail.com', 'nomegusta'),
(7081, 'CarlosAndres@gmail.com', 'nomegusta'),
(7081, 'danaeslo2004@gmail.com', 'nomegusta'),
(7081, 'DanielaVargas@gmail.com', 'nomegusta'),
(7081, 'DavidTorres@gmail.com', 'nomegusta'),
(7081, 'DianaHerrera@gmail.com', 'nomegusta'),
(7081, 'DiegoArango@gmail.com', 'nomegusta'),
(7081, 'face-job-admin@facejob.com', 'nomegusta'),
(7081, 'IsabelRestrepo@gmail.com', 'nomegusta'),
(7081, 'JavierRojas@gmail.com', 'nomegusta'),
(7081, 'JoseManuel@gmail.com', 'nomegusta'),
(7081, 'JosePerea@gmail.com', 'nomegusta'),
(7081, 'JuanPabloM@gmail.com', 'nomegusta'),
(7081, 'LauraMartinez@gmail.com', 'nomegusta'),
(7081, 'LuisMiguel2001@gmail.com', 'nomegusta'),
(7081, 'MariaFernanda@gmail.com', 'nomegusta'),
(7081, 'NataliaTorres01@gmail.com', 'nomegusta'),
(7081, 'PaulaRodriguez@gmail.com', 'nomegusta'),
(7081, 'SantiagoGonzales@gmail.com', 'nomegusta'),
(7081, 'SofiaGarcia@gmail.com', 'nomegusta'),
(7081, 'ValenGomez01@gmail.com', 'nomegusta'),
(7082, 'AlejandraHernan@gmail.com', 'nomegusta'),
(7082, 'zed@gmail.com', 'nomegusta'),
(7082, 'AnaRojas2002@gmail.com', 'nomegusta'),
(7082, 'AndreaMontoya@gmail.com', 'nomegusta'),
(7082, 'AndresFelipe@gmail.com', 'nomegusta'),
(7082, 'CamilaRamirez@gmail.com', 'nomegusta'),
(7082, 'CarlosAndres@gmail.com', 'nomegusta'),
(7082, 'danaeslo2004@gmail.com', 'nomegusta'),
(7082, 'DanielaVargas@gmail.com', 'nomegusta'),
(7082, 'DavidTorres@gmail.com', 'nomegusta'),
(7082, 'DianaHerrera@gmail.com', 'nomegusta'),
(7082, 'DiegoArango@gmail.com', 'nomegusta'),
(7082, 'face-job-admin@facejob.com', 'nomegusta'),
(7082, 'IsabelRestrepo@gmail.com', 'nomegusta'),
(7082, 'JavierRojas@gmail.com', 'nomegusta'),
(7082, 'JoseManuel@gmail.com', 'nomegusta'),
(7082, 'JosePerea@gmail.com', 'nomegusta'),
(7082, 'JuanPabloM@gmail.com', 'nomegusta'),
(7082, 'LauraMartinez@gmail.com', 'nomegusta'),
(7082, 'LuisMiguel2001@gmail.com', 'nomegusta'),
(7082, 'MariaFernanda@gmail.com', 'nomegusta'),
(7082, 'NataliaTorres01@gmail.com', 'nomegusta'),
(7082, 'PaulaRodriguez@gmail.com', 'nomegusta'),
(7082, 'SantiagoGonzales@gmail.com', 'nomegusta'),
(7082, 'SofiaGarcia@gmail.com', 'nomegusta'),
(7082, 'ValenGomez01@gmail.com', 'nomegusta'),
(7083, 'AlejandraHernan@gmail.com', 'nomegusta'),
(7083, 'zed@gmail.com', 'nomegusta'),
(7083, 'AnaRojas2002@gmail.com', 'nomegusta'),
(7083, 'AndreaMontoya@gmail.com', 'nomegusta'),
(7083, 'AndresFelipe@gmail.com', 'nomegusta'),
(7083, 'CamilaRamirez@gmail.com', 'nomegusta'),
(7083, 'CarlosAndres@gmail.com', 'nomegusta'),
(7083, 'danaeslo2004@gmail.com', 'nomegusta'),
(7083, 'DanielaVargas@gmail.com', 'nomegusta'),
(7083, 'DavidTorres@gmail.com', 'nomegusta'),
(7083, 'DianaHerrera@gmail.com', 'nomegusta'),
(7083, 'DiegoArango@gmail.com', 'nomegusta'),
(7083, 'face-job-admin@facejob.com', 'nomegusta'),
(7083, 'IsabelRestrepo@gmail.com', 'nomegusta'),
(7083, 'JavierRojas@gmail.com', 'nomegusta'),
(7083, 'JoseManuel@gmail.com', 'nomegusta'),
(7083, 'JosePerea@gmail.com', 'nomegusta'),
(7083, 'JuanPabloM@gmail.com', 'nomegusta'),
(7083, 'LauraMartinez@gmail.com', 'nomegusta'),
(7083, 'LuisMiguel2001@gmail.com', 'nomegusta'),
(7083, 'MariaFernanda@gmail.com', 'nomegusta'),
(7083, 'NataliaTorres01@gmail.com', 'nomegusta'),
(7083, 'PaulaRodriguez@gmail.com', 'nomegusta'),
(7083, 'SantiagoGonzales@gmail.com', 'nomegusta'),
(7083, 'SofiaGarcia@gmail.com', 'nomegusta'),
(7083, 'ValenGomez01@gmail.com', 'nomegusta'),
(7084, 'AlejandraHernan@gmail.com', 'nomegusta'),
(7084, 'zed@gmail.com', 'nomegusta'),
(7084, 'AnaRojas2002@gmail.com', 'nomegusta'),
(7084, 'AndreaMontoya@gmail.com', 'nomegusta'),
(7084, 'AndresFelipe@gmail.com', 'nomegusta'),
(7084, 'CamilaRamirez@gmail.com', 'nomegusta'),
(7084, 'CarlosAndres@gmail.com', 'nomegusta'),
(7084, 'danaeslo2004@gmail.com', 'nomegusta'),
(7084, 'DanielaVargas@gmail.com', 'nomegusta'),
(7084, 'DavidTorres@gmail.com', 'nomegusta'),
(7084, 'DianaHerrera@gmail.com', 'nomegusta'),
(7084, 'DiegoArango@gmail.com', 'nomegusta'),
(7084, 'face-job-admin@facejob.com', 'nomegusta'),
(7084, 'IsabelRestrepo@gmail.com', 'nomegusta'),
(7084, 'JavierRojas@gmail.com', 'nomegusta'),
(7084, 'JoseManuel@gmail.com', 'nomegusta'),
(7084, 'JosePerea@gmail.com', 'nomegusta'),
(7084, 'JuanPabloM@gmail.com', 'nomegusta'),
(7084, 'LauraMartinez@gmail.com', 'nomegusta'),
(7084, 'LuisMiguel2001@gmail.com', 'nomegusta'),
(7084, 'MariaFernanda@gmail.com', 'nomegusta'),
(7084, 'NataliaTorres01@gmail.com', 'nomegusta'),
(7084, 'PaulaRodriguez@gmail.com', 'nomegusta'),
(7084, 'SantiagoGonzales@gmail.com', 'nomegusta'),
(7084, 'SofiaGarcia@gmail.com', 'nomegusta'),
(7084, 'ValenGomez01@gmail.com', 'nomegusta'),
(7085, 'AlejandraHernan@gmail.com', 'nomegusta'),
(7085, 'zed@gmail.com', 'nomegusta'),
(7085, 'AnaRojas2002@gmail.com', 'nomegusta'),
(7085, 'AndreaMontoya@gmail.com', 'nomegusta'),
(7085, 'AndresFelipe@gmail.com', 'nomegusta'),
(7085, 'CamilaRamirez@gmail.com', 'nomegusta'),
(7085, 'CarlosAndres@gmail.com', 'nomegusta'),
(7085, 'danaeslo2004@gmail.com', 'nomegusta'),
(7085, 'DanielaVargas@gmail.com', 'nomegusta'),
(7085, 'DavidTorres@gmail.com', 'nomegusta'),
(7085, 'DianaHerrera@gmail.com', 'nomegusta'),
(7085, 'DiegoArango@gmail.com', 'nomegusta'),
(7085, 'face-job-admin@facejob.com', 'nomegusta'),
(7085, 'IsabelRestrepo@gmail.com', 'nomegusta'),
(7085, 'JavierRojas@gmail.com', 'nomegusta'),
(7085, 'JoseManuel@gmail.com', 'nomegusta'),
(7085, 'JosePerea@gmail.com', 'nomegusta'),
(7085, 'JuanPabloM@gmail.com', 'nomegusta'),
(7085, 'LauraMartinez@gmail.com', 'nomegusta'),
(7085, 'LuisMiguel2001@gmail.com', 'nomegusta'),
(7085, 'MariaFernanda@gmail.com', 'nomegusta'),
(7085, 'NataliaTorres01@gmail.com', 'nomegusta'),
(7085, 'PaulaRodriguez@gmail.com', 'nomegusta'),
(7085, 'SantiagoGonzales@gmail.com', 'nomegusta'),
(7085, 'SofiaGarcia@gmail.com', 'nomegusta'),
(7085, 'ValenGomez01@gmail.com', 'nomegusta'),
(7086, 'AlejandraHernan@gmail.com', 'nomegusta'),
(7086, 'zed@gmail.com', 'nomegusta'),
(7086, 'AnaRojas2002@gmail.com', 'nomegusta'),
(7086, 'AndreaMontoya@gmail.com', 'nomegusta'),
(7086, 'AndresFelipe@gmail.com', 'nomegusta'),
(7086, 'CamilaRamirez@gmail.com', 'nomegusta'),
(7086, 'CarlosAndres@gmail.com', 'nomegusta'),
(7086, 'danaeslo2004@gmail.com', 'nomegusta'),
(7086, 'DanielaVargas@gmail.com', 'nomegusta'),
(7086, 'DavidTorres@gmail.com', 'nomegusta'),
(7086, 'DianaHerrera@gmail.com', 'nomegusta'),
(7086, 'DiegoArango@gmail.com', 'nomegusta'),
(7086, 'face-job-admin@facejob.com', 'nomegusta'),
(7086, 'IsabelRestrepo@gmail.com', 'nomegusta'),
(7086, 'JavierRojas@gmail.com', 'nomegusta'),
(7086, 'JoseManuel@gmail.com', 'nomegusta'),
(7086, 'JosePerea@gmail.com', 'nomegusta'),
(7086, 'JuanPabloM@gmail.com', 'nomegusta'),
(7086, 'LauraMartinez@gmail.com', 'nomegusta'),
(7086, 'LuisMiguel2001@gmail.com', 'nomegusta'),
(7086, 'MariaFernanda@gmail.com', 'nomegusta'),
(7086, 'NataliaTorres01@gmail.com', 'nomegusta'),
(7086, 'PaulaRodriguez@gmail.com', 'nomegusta'),
(7086, 'SantiagoGonzales@gmail.com', 'nomegusta'),
(7086, 'SofiaGarcia@gmail.com', 'nomegusta'),
(7086, 'ValenGomez01@gmail.com', 'nomegusta'),
(7087, 'AlejandraHernan@gmail.com', 'nomegusta'),
(7087, 'zed@gmail.com', 'nomegusta'),
(7087, 'AnaRojas2002@gmail.com', 'nomegusta'),
(7087, 'AndreaMontoya@gmail.com', 'nomegusta'),
(7087, 'AndresFelipe@gmail.com', 'nomegusta'),
(7087, 'CamilaRamirez@gmail.com', 'nomegusta'),
(7087, 'CarlosAndres@gmail.com', 'nomegusta'),
(7087, 'danaeslo2004@gmail.com', 'nomegusta'),
(7087, 'DanielaVargas@gmail.com', 'nomegusta'),
(7087, 'DavidTorres@gmail.com', 'nomegusta'),
(7087, 'DianaHerrera@gmail.com', 'nomegusta'),
(7087, 'DiegoArango@gmail.com', 'nomegusta'),
(7087, 'face-job-admin@facejob.com', 'nomegusta'),
(7087, 'IsabelRestrepo@gmail.com', 'nomegusta'),
(7087, 'JavierRojas@gmail.com', 'nomegusta'),
(7087, 'JoseManuel@gmail.com', 'nomegusta'),
(7087, 'JosePerea@gmail.com', 'nomegusta'),
(7087, 'JuanPabloM@gmail.com', 'nomegusta'),
(7087, 'LauraMartinez@gmail.com', 'nomegusta'),
(7087, 'LuisMiguel2001@gmail.com', 'nomegusta'),
(7087, 'MariaFernanda@gmail.com', 'nomegusta'),
(7087, 'NataliaTorres01@gmail.com', 'nomegusta'),
(7087, 'PaulaRodriguez@gmail.com', 'nomegusta'),
(7087, 'SantiagoGonzales@gmail.com', 'nomegusta'),
(7087, 'SofiaGarcia@gmail.com', 'nomegusta'),
(7087, 'ValenGomez01@gmail.com', 'nomegusta'),
(7088, 'AlejandraHernan@gmail.com', 'nomegusta'),
(7088, 'zed@gmail.com', 'nomegusta'),
(7088, 'AnaRojas2002@gmail.com', 'nomegusta'),
(7088, 'AndreaMontoya@gmail.com', 'nomegusta'),
(7088, 'AndresFelipe@gmail.com', 'nomegusta'),
(7088, 'CamilaRamirez@gmail.com', 'nomegusta'),
(7088, 'CarlosAndres@gmail.com', 'nomegusta'),
(7088, 'danaeslo2004@gmail.com', 'nomegusta'),
(7088, 'DanielaVargas@gmail.com', 'nomegusta'),
(7088, 'DavidTorres@gmail.com', 'nomegusta'),
(7088, 'DianaHerrera@gmail.com', 'nomegusta'),
(7088, 'DiegoArango@gmail.com', 'nomegusta'),
(7088, 'face-job-admin@facejob.com', 'nomegusta'),
(7088, 'IsabelRestrepo@gmail.com', 'nomegusta'),
(7088, 'JavierRojas@gmail.com', 'nomegusta'),
(7088, 'JoseManuel@gmail.com', 'nomegusta'),
(7088, 'JosePerea@gmail.com', 'nomegusta'),
(7088, 'JuanPabloM@gmail.com', 'nomegusta'),
(7088, 'LauraMartinez@gmail.com', 'nomegusta'),
(7088, 'LuisMiguel2001@gmail.com', 'nomegusta'),
(7088, 'MariaFernanda@gmail.com', 'nomegusta'),
(7088, 'NataliaTorres01@gmail.com', 'nomegusta'),
(7088, 'PaulaRodriguez@gmail.com', 'nomegusta'),
(7088, 'SantiagoGonzales@gmail.com', 'nomegusta'),
(7088, 'SofiaGarcia@gmail.com', 'nomegusta'),
(7088, 'ValenGomez01@gmail.com', 'nomegusta'),
(7089, 'AlejandraHernan@gmail.com', 'nomegusta'),
(7089, 'zed@gmail.com', 'nomegusta'),
(7089, 'AnaRojas2002@gmail.com', 'nomegusta'),
(7089, 'AndreaMontoya@gmail.com', 'nomegusta'),
(7089, 'AndresFelipe@gmail.com', 'nomegusta'),
(7089, 'CamilaRamirez@gmail.com', 'nomegusta'),
(7089, 'CarlosAndres@gmail.com', 'nomegusta'),
(7089, 'danaeslo2004@gmail.com', 'nomegusta'),
(7089, 'DanielaVargas@gmail.com', 'nomegusta'),
(7089, 'DavidTorres@gmail.com', 'nomegusta'),
(7089, 'DianaHerrera@gmail.com', 'nomegusta'),
(7089, 'DiegoArango@gmail.com', 'nomegusta');
INSERT INTO `megustatextos` (`id_textos`, `email_cliente2`, `estado`) VALUES
(7089, 'face-job-admin@facejob.com', 'nomegusta'),
(7089, 'IsabelRestrepo@gmail.com', 'nomegusta'),
(7089, 'JavierRojas@gmail.com', 'nomegusta'),
(7089, 'JoseManuel@gmail.com', 'nomegusta'),
(7089, 'JosePerea@gmail.com', 'nomegusta'),
(7089, 'JuanPabloM@gmail.com', 'nomegusta'),
(7089, 'LauraMartinez@gmail.com', 'nomegusta'),
(7089, 'LuisMiguel2001@gmail.com', 'nomegusta'),
(7089, 'MariaFernanda@gmail.com', 'nomegusta'),
(7089, 'NataliaTorres01@gmail.com', 'nomegusta'),
(7089, 'PaulaRodriguez@gmail.com', 'nomegusta'),
(7089, 'SantiagoGonzales@gmail.com', 'nomegusta'),
(7089, 'SofiaGarcia@gmail.com', 'nomegusta'),
(7089, 'ValenGomez01@gmail.com', 'nomegusta'),
(7090, 'AlejandraHernan@gmail.com', 'nomegusta'),
(7090, 'zed@gmail.com', 'nomegusta'),
(7090, 'AnaRojas2002@gmail.com', 'nomegusta'),
(7090, 'AndreaMontoya@gmail.com', 'nomegusta'),
(7090, 'AndresFelipe@gmail.com', 'nomegusta'),
(7090, 'CamilaRamirez@gmail.com', 'nomegusta'),
(7090, 'CarlosAndres@gmail.com', 'nomegusta'),
(7090, 'danaeslo2004@gmail.com', 'nomegusta'),
(7090, 'DanielaVargas@gmail.com', 'nomegusta'),
(7090, 'DavidTorres@gmail.com', 'nomegusta'),
(7090, 'DianaHerrera@gmail.com', 'nomegusta'),
(7090, 'DiegoArango@gmail.com', 'nomegusta'),
(7090, 'face-job-admin@facejob.com', 'nomegusta'),
(7090, 'IsabelRestrepo@gmail.com', 'nomegusta'),
(7090, 'JavierRojas@gmail.com', 'nomegusta'),
(7090, 'JoseManuel@gmail.com', 'nomegusta'),
(7090, 'JosePerea@gmail.com', 'nomegusta'),
(7090, 'JuanPabloM@gmail.com', 'nomegusta'),
(7090, 'LauraMartinez@gmail.com', 'nomegusta'),
(7090, 'LuisMiguel2001@gmail.com', 'nomegusta'),
(7090, 'MariaFernanda@gmail.com', 'nomegusta'),
(7090, 'NataliaTorres01@gmail.com', 'nomegusta'),
(7090, 'PaulaRodriguez@gmail.com', 'nomegusta'),
(7090, 'SantiagoGonzales@gmail.com', 'nomegusta'),
(7090, 'SofiaGarcia@gmail.com', 'nomegusta'),
(7090, 'ValenGomez01@gmail.com', 'nomegusta'),
(7091, 'AlejandraHernan@gmail.com', 'nomegusta'),
(7091, 'zed@gmail.com', 'nomegusta'),
(7091, 'AnaRojas2002@gmail.com', 'nomegusta'),
(7091, 'AndreaMontoya@gmail.com', 'nomegusta'),
(7091, 'AndresFelipe@gmail.com', 'nomegusta'),
(7091, 'CamilaRamirez@gmail.com', 'nomegusta'),
(7091, 'CarlosAndres@gmail.com', 'nomegusta'),
(7091, 'danaeslo2004@gmail.com', 'nomegusta'),
(7091, 'DanielaVargas@gmail.com', 'nomegusta'),
(7091, 'DavidTorres@gmail.com', 'nomegusta'),
(7091, 'DianaHerrera@gmail.com', 'nomegusta'),
(7091, 'DiegoArango@gmail.com', 'nomegusta'),
(7091, 'face-job-admin@facejob.com', 'nomegusta'),
(7091, 'IsabelRestrepo@gmail.com', 'nomegusta'),
(7091, 'JavierRojas@gmail.com', 'nomegusta'),
(7091, 'JoseManuel@gmail.com', 'nomegusta'),
(7091, 'JosePerea@gmail.com', 'nomegusta'),
(7091, 'JuanPabloM@gmail.com', 'nomegusta'),
(7091, 'LauraMartinez@gmail.com', 'nomegusta'),
(7091, 'LuisMiguel2001@gmail.com', 'nomegusta'),
(7091, 'MariaFernanda@gmail.com', 'nomegusta'),
(7091, 'NataliaTorres01@gmail.com', 'nomegusta'),
(7091, 'PaulaRodriguez@gmail.com', 'nomegusta'),
(7091, 'SantiagoGonzales@gmail.com', 'nomegusta'),
(7091, 'SofiaGarcia@gmail.com', 'nomegusta'),
(7091, 'ValenGomez01@gmail.com', 'nomegusta'),
(7092, 'AlejandraHernan@gmail.com', 'nomegusta'),
(7092, 'zed@gmail.com', 'nomegusta'),
(7092, 'AnaRojas2002@gmail.com', 'nomegusta'),
(7092, 'AndreaMontoya@gmail.com', 'nomegusta'),
(7092, 'AndresFelipe@gmail.com', 'nomegusta'),
(7092, 'CamilaRamirez@gmail.com', 'nomegusta'),
(7092, 'CarlosAndres@gmail.com', 'nomegusta'),
(7092, 'danaeslo2004@gmail.com', 'nomegusta'),
(7092, 'DanielaVargas@gmail.com', 'nomegusta'),
(7092, 'DavidTorres@gmail.com', 'nomegusta'),
(7092, 'DianaHerrera@gmail.com', 'nomegusta'),
(7092, 'DiegoArango@gmail.com', 'nomegusta'),
(7092, 'face-job-admin@facejob.com', 'nomegusta'),
(7092, 'IsabelRestrepo@gmail.com', 'nomegusta'),
(7092, 'JavierRojas@gmail.com', 'nomegusta'),
(7092, 'JoseManuel@gmail.com', 'nomegusta'),
(7092, 'JosePerea@gmail.com', 'nomegusta'),
(7092, 'JuanPabloM@gmail.com', 'nomegusta'),
(7092, 'LauraMartinez@gmail.com', 'nomegusta'),
(7092, 'LuisMiguel2001@gmail.com', 'nomegusta'),
(7092, 'MariaFernanda@gmail.com', 'nomegusta'),
(7092, 'NataliaTorres01@gmail.com', 'nomegusta'),
(7092, 'PaulaRodriguez@gmail.com', 'nomegusta'),
(7092, 'SantiagoGonzales@gmail.com', 'nomegusta'),
(7092, 'SofiaGarcia@gmail.com', 'nomegusta'),
(7092, 'ValenGomez01@gmail.com', 'nomegusta'),
(7093, 'AlejandraHernan@gmail.com', 'nomegusta'),
(7093, 'zed@gmail.com', 'nomegusta'),
(7093, 'AnaRojas2002@gmail.com', 'nomegusta'),
(7093, 'AndreaMontoya@gmail.com', 'nomegusta'),
(7093, 'AndresFelipe@gmail.com', 'nomegusta'),
(7093, 'CamilaRamirez@gmail.com', 'nomegusta'),
(7093, 'CarlosAndres@gmail.com', 'nomegusta'),
(7093, 'danaeslo2004@gmail.com', 'nomegusta'),
(7093, 'DanielaVargas@gmail.com', 'nomegusta'),
(7093, 'DavidTorres@gmail.com', 'nomegusta'),
(7093, 'DianaHerrera@gmail.com', 'nomegusta'),
(7093, 'DiegoArango@gmail.com', 'nomegusta'),
(7093, 'face-job-admin@facejob.com', 'nomegusta'),
(7093, 'IsabelRestrepo@gmail.com', 'nomegusta'),
(7093, 'JavierRojas@gmail.com', 'nomegusta'),
(7093, 'JoseManuel@gmail.com', 'nomegusta'),
(7093, 'JosePerea@gmail.com', 'nomegusta'),
(7093, 'JuanPabloM@gmail.com', 'nomegusta'),
(7093, 'LauraMartinez@gmail.com', 'nomegusta'),
(7093, 'LuisMiguel2001@gmail.com', 'nomegusta'),
(7093, 'MariaFernanda@gmail.com', 'nomegusta'),
(7093, 'NataliaTorres01@gmail.com', 'nomegusta'),
(7093, 'PaulaRodriguez@gmail.com', 'nomegusta'),
(7093, 'SantiagoGonzales@gmail.com', 'nomegusta'),
(7093, 'SofiaGarcia@gmail.com', 'nomegusta'),
(7093, 'ValenGomez01@gmail.com', 'nomegusta'),
(7094, 'AlejandraHernan@gmail.com', 'nomegusta'),
(7094, 'zed@gmail.com', 'nomegusta'),
(7094, 'AnaRojas2002@gmail.com', 'nomegusta'),
(7094, 'AndreaMontoya@gmail.com', 'nomegusta'),
(7094, 'AndresFelipe@gmail.com', 'nomegusta'),
(7094, 'CamilaRamirez@gmail.com', 'nomegusta'),
(7094, 'CarlosAndres@gmail.com', 'nomegusta'),
(7094, 'danaeslo2004@gmail.com', 'nomegusta'),
(7094, 'DanielaVargas@gmail.com', 'nomegusta'),
(7094, 'DavidTorres@gmail.com', 'nomegusta'),
(7094, 'DianaHerrera@gmail.com', 'nomegusta'),
(7094, 'DiegoArango@gmail.com', 'nomegusta'),
(7094, 'face-job-admin@facejob.com', 'nomegusta'),
(7094, 'IsabelRestrepo@gmail.com', 'nomegusta'),
(7094, 'JavierRojas@gmail.com', 'nomegusta'),
(7094, 'JoseManuel@gmail.com', 'nomegusta'),
(7094, 'JosePerea@gmail.com', 'nomegusta'),
(7094, 'JuanPabloM@gmail.com', 'nomegusta'),
(7094, 'LauraMartinez@gmail.com', 'nomegusta'),
(7094, 'LuisMiguel2001@gmail.com', 'nomegusta'),
(7094, 'MariaFernanda@gmail.com', 'nomegusta'),
(7094, 'NataliaTorres01@gmail.com', 'nomegusta'),
(7094, 'PaulaRodriguez@gmail.com', 'nomegusta'),
(7094, 'SantiagoGonzales@gmail.com', 'nomegusta'),
(7094, 'SofiaGarcia@gmail.com', 'nomegusta'),
(7094, 'ValenGomez01@gmail.com', 'nomegusta'),
(7095, 'AlejandraHernan@gmail.com', 'nomegusta'),
(7095, 'zed@gmail.com', 'nomegusta'),
(7095, 'AnaRojas2002@gmail.com', 'nomegusta'),
(7095, 'AndreaMontoya@gmail.com', 'nomegusta'),
(7095, 'AndresFelipe@gmail.com', 'nomegusta'),
(7095, 'CamilaRamirez@gmail.com', 'nomegusta'),
(7095, 'CarlosAndres@gmail.com', 'nomegusta'),
(7095, 'danaeslo2004@gmail.com', 'nomegusta'),
(7095, 'DanielaVargas@gmail.com', 'nomegusta'),
(7095, 'DavidTorres@gmail.com', 'nomegusta'),
(7095, 'DianaHerrera@gmail.com', 'nomegusta'),
(7095, 'DiegoArango@gmail.com', 'nomegusta'),
(7095, 'face-job-admin@facejob.com', 'nomegusta'),
(7095, 'IsabelRestrepo@gmail.com', 'nomegusta'),
(7095, 'JavierRojas@gmail.com', 'nomegusta'),
(7095, 'JoseManuel@gmail.com', 'nomegusta'),
(7095, 'JosePerea@gmail.com', 'nomegusta'),
(7095, 'JuanPabloM@gmail.com', 'nomegusta'),
(7095, 'LauraMartinez@gmail.com', 'nomegusta'),
(7095, 'LuisMiguel2001@gmail.com', 'nomegusta'),
(7095, 'MariaFernanda@gmail.com', 'nomegusta'),
(7095, 'NataliaTorres01@gmail.com', 'nomegusta'),
(7095, 'PaulaRodriguez@gmail.com', 'nomegusta'),
(7095, 'SantiagoGonzales@gmail.com', 'nomegusta'),
(7095, 'SofiaGarcia@gmail.com', 'nomegusta'),
(7095, 'ValenGomez01@gmail.com', 'nomegusta'),
(7096, 'AlejandraHernan@gmail.com', 'nomegusta'),
(7096, 'zed@gmail.com', 'nomegusta'),
(7096, 'AnaRojas2002@gmail.com', 'nomegusta'),
(7096, 'AndreaMontoya@gmail.com', 'nomegusta'),
(7096, 'AndresFelipe@gmail.com', 'nomegusta'),
(7096, 'CamilaRamirez@gmail.com', 'nomegusta'),
(7096, 'CarlosAndres@gmail.com', 'nomegusta'),
(7096, 'danaeslo2004@gmail.com', 'nomegusta'),
(7096, 'DanielaVargas@gmail.com', 'nomegusta'),
(7096, 'DavidTorres@gmail.com', 'nomegusta'),
(7096, 'DianaHerrera@gmail.com', 'nomegusta'),
(7096, 'DiegoArango@gmail.com', 'nomegusta'),
(7096, 'face-job-admin@facejob.com', 'nomegusta'),
(7096, 'IsabelRestrepo@gmail.com', 'nomegusta'),
(7096, 'JavierRojas@gmail.com', 'nomegusta'),
(7096, 'JoseManuel@gmail.com', 'nomegusta'),
(7096, 'JosePerea@gmail.com', 'nomegusta'),
(7096, 'JuanPabloM@gmail.com', 'nomegusta'),
(7096, 'LauraMartinez@gmail.com', 'nomegusta'),
(7096, 'LuisMiguel2001@gmail.com', 'nomegusta'),
(7096, 'MariaFernanda@gmail.com', 'nomegusta'),
(7096, 'NataliaTorres01@gmail.com', 'nomegusta'),
(7096, 'PaulaRodriguez@gmail.com', 'nomegusta'),
(7096, 'SantiagoGonzales@gmail.com', 'nomegusta'),
(7096, 'SofiaGarcia@gmail.com', 'nomegusta'),
(7096, 'ValenGomez01@gmail.com', 'nomegusta'),
(7098, 'AlejandraHernan@gmail.com', 'nomegusta'),
(7098, 'zed@gmail.com', 'nomegusta'),
(7098, 'AnaRojas2002@gmail.com', 'nomegusta'),
(7098, 'AndreaMontoya@gmail.com', 'nomegusta'),
(7098, 'AndresFelipe@gmail.com', 'nomegusta'),
(7098, 'CamilaRamirez@gmail.com', 'nomegusta'),
(7098, 'CarlosAndres@gmail.com', 'nomegusta'),
(7098, 'danaeslo2004@gmail.com', 'nomegusta'),
(7098, 'DanielaVargas@gmail.com', 'nomegusta'),
(7098, 'DavidTorres@gmail.com', 'nomegusta'),
(7098, 'DianaHerrera@gmail.com', 'nomegusta'),
(7098, 'DiegoArango@gmail.com', 'nomegusta'),
(7098, 'face-job-admin@facejob.com', 'nomegusta'),
(7098, 'IsabelRestrepo@gmail.com', 'nomegusta'),
(7098, 'JavierRojas@gmail.com', 'nomegusta'),
(7098, 'JoseManuel@gmail.com', 'nomegusta'),
(7098, 'JosePerea@gmail.com', 'nomegusta'),
(7098, 'JuanPabloM@gmail.com', 'nomegusta'),
(7098, 'LauraMartinez@gmail.com', 'nomegusta'),
(7098, 'LuisMiguel2001@gmail.com', 'nomegusta'),
(7098, 'MariaFernanda@gmail.com', 'nomegusta'),
(7098, 'NataliaTorres01@gmail.com', 'nomegusta'),
(7098, 'PaulaRodriguez@gmail.com', 'nomegusta'),
(7098, 'SantiagoGonzales@gmail.com', 'nomegusta'),
(7098, 'SofiaGarcia@gmail.com', 'nomegusta'),
(7098, 'ValenGomez01@gmail.com', 'nomegusta'),
(7099, 'AlejandraHernan@gmail.com', 'nomegusta'),
(7099, 'zed@gmail.com', 'nomegusta'),
(7099, 'AnaRojas2002@gmail.com', 'nomegusta'),
(7099, 'AndreaMontoya@gmail.com', 'nomegusta'),
(7099, 'AndresFelipe@gmail.com', 'nomegusta'),
(7099, 'CamilaRamirez@gmail.com', 'nomegusta'),
(7099, 'CarlosAndres@gmail.com', 'nomegusta'),
(7099, 'danaeslo2004@gmail.com', 'nomegusta'),
(7099, 'DanielaVargas@gmail.com', 'nomegusta'),
(7099, 'DavidTorres@gmail.com', 'nomegusta'),
(7099, 'DianaHerrera@gmail.com', 'nomegusta'),
(7099, 'DiegoArango@gmail.com', 'nomegusta'),
(7099, 'face-job-admin@facejob.com', 'nomegusta'),
(7099, 'IsabelRestrepo@gmail.com', 'nomegusta'),
(7099, 'JavierRojas@gmail.com', 'nomegusta'),
(7099, 'JoseManuel@gmail.com', 'nomegusta'),
(7099, 'JosePerea@gmail.com', 'nomegusta'),
(7099, 'JuanPabloM@gmail.com', 'nomegusta'),
(7099, 'LauraMartinez@gmail.com', 'nomegusta'),
(7099, 'LuisMiguel2001@gmail.com', 'nomegusta'),
(7099, 'MariaFernanda@gmail.com', 'nomegusta'),
(7099, 'NataliaTorres01@gmail.com', 'nomegusta'),
(7099, 'PaulaRodriguez@gmail.com', 'nomegusta'),
(7099, 'SantiagoGonzales@gmail.com', 'nomegusta'),
(7099, 'SofiaGarcia@gmail.com', 'nomegusta'),
(7099, 'ValenGomez01@gmail.com', 'nomegusta'),
(7100, 'AlejandraHernan@gmail.com', 'nomegusta'),
(7100, 'zed@gmail.com', 'nomegusta'),
(7100, 'AnaRojas2002@gmail.com', 'nomegusta'),
(7100, 'AndreaMontoya@gmail.com', 'nomegusta'),
(7100, 'AndresFelipe@gmail.com', 'nomegusta'),
(7100, 'CamilaRamirez@gmail.com', 'nomegusta'),
(7100, 'CarlosAndres@gmail.com', 'nomegusta'),
(7100, 'danaeslo2004@gmail.com', 'nomegusta'),
(7100, 'DanielaVargas@gmail.com', 'nomegusta'),
(7100, 'DavidTorres@gmail.com', 'nomegusta'),
(7100, 'DianaHerrera@gmail.com', 'nomegusta'),
(7100, 'DiegoArango@gmail.com', 'nomegusta'),
(7100, 'face-job-admin@facejob.com', 'nomegusta'),
(7100, 'IsabelRestrepo@gmail.com', 'nomegusta'),
(7100, 'JavierRojas@gmail.com', 'nomegusta'),
(7100, 'JoseManuel@gmail.com', 'nomegusta'),
(7100, 'JosePerea@gmail.com', 'nomegusta'),
(7100, 'JuanPabloM@gmail.com', 'nomegusta'),
(7100, 'LauraMartinez@gmail.com', 'nomegusta'),
(7100, 'LuisMiguel2001@gmail.com', 'nomegusta'),
(7100, 'MariaFernanda@gmail.com', 'nomegusta'),
(7100, 'NataliaTorres01@gmail.com', 'nomegusta'),
(7100, 'PaulaRodriguez@gmail.com', 'nomegusta'),
(7100, 'SantiagoGonzales@gmail.com', 'nomegusta'),
(7100, 'SofiaGarcia@gmail.com', 'nomegusta'),
(7100, 'ValenGomez01@gmail.com', 'nomegusta'),
(7101, 'AlejandraHernan@gmail.com', 'nomegusta'),
(7101, 'zed@gmail.com', 'nomegusta'),
(7101, 'AnaRojas2002@gmail.com', 'nomegusta'),
(7101, 'AndreaMontoya@gmail.com', 'nomegusta'),
(7101, 'AndresFelipe@gmail.com', 'nomegusta'),
(7101, 'CamilaRamirez@gmail.com', 'nomegusta'),
(7101, 'CarlosAndres@gmail.com', 'nomegusta'),
(7101, 'danaeslo2004@gmail.com', 'nomegusta'),
(7101, 'DanielaVargas@gmail.com', 'nomegusta'),
(7101, 'DavidTorres@gmail.com', 'nomegusta'),
(7101, 'DianaHerrera@gmail.com', 'nomegusta'),
(7101, 'DiegoArango@gmail.com', 'nomegusta'),
(7101, 'face-job-admin@facejob.com', 'nomegusta'),
(7101, 'IsabelRestrepo@gmail.com', 'nomegusta'),
(7101, 'JavierRojas@gmail.com', 'nomegusta'),
(7101, 'JoseManuel@gmail.com', 'nomegusta'),
(7101, 'JosePerea@gmail.com', 'nomegusta'),
(7101, 'JuanPabloM@gmail.com', 'nomegusta'),
(7101, 'LauraMartinez@gmail.com', 'nomegusta'),
(7101, 'LuisMiguel2001@gmail.com', 'nomegusta'),
(7101, 'MariaFernanda@gmail.com', 'nomegusta'),
(7101, 'NataliaTorres01@gmail.com', 'nomegusta'),
(7101, 'PaulaRodriguez@gmail.com', 'nomegusta'),
(7101, 'SantiagoGonzales@gmail.com', 'nomegusta'),
(7101, 'SofiaGarcia@gmail.com', 'nomegusta'),
(7101, 'ValenGomez01@gmail.com', 'nomegusta'),
(7102, 'AlejandraHernan@gmail.com', 'nomegusta'),
(7102, 'zed@gmail.com', 'nomegusta'),
(7102, 'AnaRojas2002@gmail.com', 'nomegusta'),
(7102, 'AndreaMontoya@gmail.com', 'nomegusta'),
(7102, 'AndresFelipe@gmail.com', 'nomegusta'),
(7102, 'CamilaRamirez@gmail.com', 'nomegusta'),
(7102, 'CarlosAndres@gmail.com', 'nomegusta'),
(7102, 'danaeslo2004@gmail.com', 'nomegusta'),
(7102, 'DanielaVargas@gmail.com', 'nomegusta'),
(7102, 'DavidTorres@gmail.com', 'nomegusta'),
(7102, 'DianaHerrera@gmail.com', 'nomegusta'),
(7102, 'DiegoArango@gmail.com', 'nomegusta'),
(7102, 'face-job-admin@facejob.com', 'nomegusta'),
(7102, 'IsabelRestrepo@gmail.com', 'nomegusta'),
(7102, 'JavierRojas@gmail.com', 'nomegusta'),
(7102, 'JoseManuel@gmail.com', 'nomegusta'),
(7102, 'JosePerea@gmail.com', 'nomegusta'),
(7102, 'JuanPabloM@gmail.com', 'nomegusta'),
(7102, 'LauraMartinez@gmail.com', 'nomegusta'),
(7102, 'LuisMiguel2001@gmail.com', 'nomegusta'),
(7102, 'MariaFernanda@gmail.com', 'nomegusta'),
(7102, 'NataliaTorres01@gmail.com', 'nomegusta'),
(7102, 'PaulaRodriguez@gmail.com', 'nomegusta'),
(7102, 'SantiagoGonzales@gmail.com', 'nomegusta'),
(7102, 'SofiaGarcia@gmail.com', 'nomegusta'),
(7102, 'ValenGomez01@gmail.com', 'nomegusta'),
(7103, 'AlejandraHernan@gmail.com', 'nomegusta'),
(7103, 'zed@gmail.com', 'nomegusta'),
(7103, 'AnaRojas2002@gmail.com', 'nomegusta'),
(7103, 'AndreaMontoya@gmail.com', 'nomegusta'),
(7103, 'AndresFelipe@gmail.com', 'nomegusta'),
(7103, 'CamilaRamirez@gmail.com', 'nomegusta'),
(7103, 'CarlosAndres@gmail.com', 'nomegusta'),
(7103, 'danaeslo2004@gmail.com', 'nomegusta'),
(7103, 'DanielaVargas@gmail.com', 'nomegusta'),
(7103, 'DavidTorres@gmail.com', 'nomegusta'),
(7103, 'DianaHerrera@gmail.com', 'nomegusta'),
(7103, 'DiegoArango@gmail.com', 'nomegusta'),
(7103, 'face-job-admin@facejob.com', 'nomegusta'),
(7103, 'IsabelRestrepo@gmail.com', 'nomegusta'),
(7103, 'JavierRojas@gmail.com', 'nomegusta'),
(7103, 'JoseManuel@gmail.com', 'nomegusta'),
(7103, 'JosePerea@gmail.com', 'nomegusta'),
(7103, 'JuanPabloM@gmail.com', 'nomegusta'),
(7103, 'LauraMartinez@gmail.com', 'nomegusta'),
(7103, 'LuisMiguel2001@gmail.com', 'nomegusta'),
(7103, 'MariaFernanda@gmail.com', 'nomegusta'),
(7103, 'NataliaTorres01@gmail.com', 'nomegusta'),
(7103, 'PaulaRodriguez@gmail.com', 'nomegusta'),
(7103, 'SantiagoGonzales@gmail.com', 'nomegusta'),
(7103, 'SofiaGarcia@gmail.com', 'nomegusta'),
(7103, 'ValenGomez01@gmail.com', 'nomegusta'),
(7104, 'AlejandraHernan@gmail.com', 'nomegusta'),
(7104, 'zed@gmail.com', 'nomegusta'),
(7104, 'AnaRojas2002@gmail.com', 'nomegusta'),
(7104, 'AndreaMontoya@gmail.com', 'nomegusta'),
(7104, 'AndresFelipe@gmail.com', 'nomegusta'),
(7104, 'CamilaRamirez@gmail.com', 'nomegusta'),
(7104, 'CarlosAndres@gmail.com', 'nomegusta'),
(7104, 'danaeslo2004@gmail.com', 'nomegusta'),
(7104, 'DanielaVargas@gmail.com', 'nomegusta'),
(7104, 'DavidTorres@gmail.com', 'nomegusta'),
(7104, 'DianaHerrera@gmail.com', 'nomegusta'),
(7104, 'DiegoArango@gmail.com', 'nomegusta'),
(7104, 'face-job-admin@facejob.com', 'nomegusta'),
(7104, 'IsabelRestrepo@gmail.com', 'nomegusta'),
(7104, 'JavierRojas@gmail.com', 'nomegusta'),
(7104, 'JoseManuel@gmail.com', 'nomegusta'),
(7104, 'JosePerea@gmail.com', 'nomegusta'),
(7104, 'JuanPabloM@gmail.com', 'nomegusta'),
(7104, 'LauraMartinez@gmail.com', 'nomegusta'),
(7104, 'LuisMiguel2001@gmail.com', 'nomegusta'),
(7104, 'MariaFernanda@gmail.com', 'nomegusta'),
(7104, 'NataliaTorres01@gmail.com', 'nomegusta'),
(7104, 'PaulaRodriguez@gmail.com', 'nomegusta'),
(7104, 'SantiagoGonzales@gmail.com', 'nomegusta'),
(7104, 'SofiaGarcia@gmail.com', 'nomegusta'),
(7104, 'ValenGomez01@gmail.com', 'nomegusta'),
(7105, 'AlejandraHernan@gmail.com', 'nomegusta'),
(7105, 'zed@gmail.com', 'nomegusta'),
(7105, 'AnaRojas2002@gmail.com', 'nomegusta'),
(7105, 'AndreaMontoya@gmail.com', 'nomegusta'),
(7105, 'AndresFelipe@gmail.com', 'nomegusta'),
(7105, 'CamilaRamirez@gmail.com', 'nomegusta'),
(7105, 'CarlosAndres@gmail.com', 'nomegusta'),
(7105, 'danaeslo2004@gmail.com', 'nomegusta'),
(7105, 'DanielaVargas@gmail.com', 'nomegusta'),
(7105, 'DavidTorres@gmail.com', 'nomegusta'),
(7105, 'DianaHerrera@gmail.com', 'nomegusta'),
(7105, 'DiegoArango@gmail.com', 'nomegusta'),
(7105, 'face-job-admin@facejob.com', 'nomegusta'),
(7105, 'IsabelRestrepo@gmail.com', 'nomegusta'),
(7105, 'JavierRojas@gmail.com', 'nomegusta'),
(7105, 'JoseManuel@gmail.com', 'nomegusta'),
(7105, 'JosePerea@gmail.com', 'nomegusta'),
(7105, 'JuanPabloM@gmail.com', 'nomegusta'),
(7105, 'LauraMartinez@gmail.com', 'nomegusta'),
(7105, 'LuisMiguel2001@gmail.com', 'nomegusta'),
(7105, 'MariaFernanda@gmail.com', 'nomegusta'),
(7105, 'NataliaTorres01@gmail.com', 'nomegusta'),
(7105, 'PaulaRodriguez@gmail.com', 'nomegusta'),
(7105, 'SantiagoGonzales@gmail.com', 'nomegusta'),
(7105, 'SofiaGarcia@gmail.com', 'nomegusta'),
(7105, 'ValenGomez01@gmail.com', 'nomegusta'),
(7107, 'AlejandraHernan@gmail.com', 'nomegusta'),
(7107, 'zed@gmail.com', 'nomegusta'),
(7107, 'AnaRojas2002@gmail.com', 'nomegusta'),
(7107, 'AndreaMontoya@gmail.com', 'nomegusta'),
(7107, 'AndresFelipe@gmail.com', 'nomegusta'),
(7107, 'CamilaRamirez@gmail.com', 'nomegusta'),
(7107, 'CarlosAndres@gmail.com', 'nomegusta'),
(7107, 'danaeslo2004@gmail.com', 'nomegusta'),
(7107, 'DanielaVargas@gmail.com', 'nomegusta'),
(7107, 'DavidTorres@gmail.com', 'nomegusta'),
(7107, 'DianaHerrera@gmail.com', 'nomegusta'),
(7107, 'DiegoArango@gmail.com', 'nomegusta'),
(7107, 'face-job-admin@facejob.com', 'nomegusta'),
(7107, 'IsabelRestrepo@gmail.com', 'nomegusta'),
(7107, 'JavierRojas@gmail.com', 'nomegusta'),
(7107, 'JoseManuel@gmail.com', 'nomegusta'),
(7107, 'JosePerea@gmail.com', 'nomegusta'),
(7107, 'JuanPabloM@gmail.com', 'nomegusta'),
(7107, 'LauraMartinez@gmail.com', 'nomegusta'),
(7107, 'LuisMiguel2001@gmail.com', 'nomegusta'),
(7107, 'MariaFernanda@gmail.com', 'nomegusta'),
(7107, 'NataliaTorres01@gmail.com', 'nomegusta'),
(7107, 'PaulaRodriguez@gmail.com', 'nomegusta'),
(7107, 'SantiagoGonzales@gmail.com', 'nomegusta'),
(7107, 'SofiaGarcia@gmail.com', 'nomegusta'),
(7107, 'ValenGomez01@gmail.com', 'nomegusta'),
(7108, 'AlejandraHernan@gmail.com', 'nomegusta'),
(7108, 'zed@gmail.com', 'nomegusta'),
(7108, 'AnaRojas2002@gmail.com', 'nomegusta'),
(7108, 'AndreaMontoya@gmail.com', 'nomegusta'),
(7108, 'AndresFelipe@gmail.com', 'nomegusta'),
(7108, 'CamilaRamirez@gmail.com', 'nomegusta'),
(7108, 'CarlosAndres@gmail.com', 'nomegusta'),
(7108, 'danaeslo2004@gmail.com', 'nomegusta'),
(7108, 'DanielaVargas@gmail.com', 'nomegusta'),
(7108, 'DavidTorres@gmail.com', 'nomegusta'),
(7108, 'DianaHerrera@gmail.com', 'nomegusta'),
(7108, 'DiegoArango@gmail.com', 'nomegusta'),
(7108, 'face-job-admin@facejob.com', 'nomegusta'),
(7108, 'IsabelRestrepo@gmail.com', 'nomegusta'),
(7108, 'JavierRojas@gmail.com', 'nomegusta'),
(7108, 'JoseManuel@gmail.com', 'nomegusta'),
(7108, 'JosePerea@gmail.com', 'nomegusta'),
(7108, 'JuanPabloM@gmail.com', 'nomegusta'),
(7108, 'LauraMartinez@gmail.com', 'nomegusta'),
(7108, 'LuisMiguel2001@gmail.com', 'nomegusta'),
(7108, 'MariaFernanda@gmail.com', 'nomegusta'),
(7108, 'NataliaTorres01@gmail.com', 'nomegusta'),
(7108, 'PaulaRodriguez@gmail.com', 'nomegusta'),
(7108, 'SantiagoGonzales@gmail.com', 'nomegusta'),
(7108, 'SofiaGarcia@gmail.com', 'nomegusta'),
(7108, 'ValenGomez01@gmail.com', 'nomegusta'),
(7109, 'AlejandraHernan@gmail.com', 'nomegusta'),
(7109, 'zed@gmail.com', 'nomegusta'),
(7109, 'AnaRojas2002@gmail.com', 'nomegusta'),
(7109, 'AndreaMontoya@gmail.com', 'nomegusta'),
(7109, 'AndresFelipe@gmail.com', 'nomegusta'),
(7109, 'CamilaRamirez@gmail.com', 'nomegusta'),
(7109, 'CarlosAndres@gmail.com', 'nomegusta'),
(7109, 'danaeslo2004@gmail.com', 'nomegusta'),
(7109, 'DanielaVargas@gmail.com', 'nomegusta'),
(7109, 'DavidTorres@gmail.com', 'nomegusta'),
(7109, 'DianaHerrera@gmail.com', 'nomegusta'),
(7109, 'DiegoArango@gmail.com', 'nomegusta'),
(7109, 'face-job-admin@facejob.com', 'nomegusta'),
(7109, 'IsabelRestrepo@gmail.com', 'nomegusta'),
(7109, 'JavierRojas@gmail.com', 'nomegusta'),
(7109, 'JoseManuel@gmail.com', 'nomegusta'),
(7109, 'JosePerea@gmail.com', 'nomegusta'),
(7109, 'JuanPabloM@gmail.com', 'nomegusta'),
(7109, 'LauraMartinez@gmail.com', 'nomegusta'),
(7109, 'LuisMiguel2001@gmail.com', 'nomegusta'),
(7109, 'MariaFernanda@gmail.com', 'nomegusta'),
(7109, 'NataliaTorres01@gmail.com', 'nomegusta'),
(7109, 'PaulaRodriguez@gmail.com', 'nomegusta'),
(7109, 'SantiagoGonzales@gmail.com', 'nomegusta'),
(7109, 'SofiaGarcia@gmail.com', 'nomegusta'),
(7109, 'ValenGomez01@gmail.com', 'nomegusta'),
(7110, 'AlejandraHernan@gmail.com', 'nomegusta'),
(7110, 'zed@gmail.com', 'nomegusta'),
(7110, 'AnaRojas2002@gmail.com', 'nomegusta'),
(7110, 'AndreaMontoya@gmail.com', 'nomegusta'),
(7110, 'AndresFelipe@gmail.com', 'nomegusta'),
(7110, 'CamilaRamirez@gmail.com', 'nomegusta'),
(7110, 'CarlosAndres@gmail.com', 'nomegusta'),
(7110, 'danaeslo2004@gmail.com', 'nomegusta'),
(7110, 'DanielaVargas@gmail.com', 'nomegusta'),
(7110, 'DavidTorres@gmail.com', 'nomegusta'),
(7110, 'DianaHerrera@gmail.com', 'nomegusta'),
(7110, 'DiegoArango@gmail.com', 'nomegusta'),
(7110, 'face-job-admin@facejob.com', 'nomegusta'),
(7110, 'IsabelRestrepo@gmail.com', 'nomegusta'),
(7110, 'JavierRojas@gmail.com', 'nomegusta'),
(7110, 'JoseManuel@gmail.com', 'nomegusta'),
(7110, 'JosePerea@gmail.com', 'nomegusta'),
(7110, 'JuanPabloM@gmail.com', 'nomegusta'),
(7110, 'LauraMartinez@gmail.com', 'nomegusta'),
(7110, 'LuisMiguel2001@gmail.com', 'nomegusta'),
(7110, 'MariaFernanda@gmail.com', 'nomegusta'),
(7110, 'NataliaTorres01@gmail.com', 'nomegusta'),
(7110, 'PaulaRodriguez@gmail.com', 'nomegusta'),
(7110, 'SantiagoGonzales@gmail.com', 'nomegusta'),
(7110, 'SofiaGarcia@gmail.com', 'nomegusta'),
(7110, 'ValenGomez01@gmail.com', 'nomegusta'),
(7111, 'AlejandraHernan@gmail.com', 'nomegusta'),
(7111, 'zed@gmail.com', 'nomegusta'),
(7111, 'AnaRojas2002@gmail.com', 'nomegusta'),
(7111, 'AndreaMontoya@gmail.com', 'nomegusta'),
(7111, 'AndresFelipe@gmail.com', 'nomegusta'),
(7111, 'CamilaRamirez@gmail.com', 'nomegusta'),
(7111, 'CarlosAndres@gmail.com', 'nomegusta'),
(7111, 'danaeslo2004@gmail.com', 'nomegusta'),
(7111, 'DanielaVargas@gmail.com', 'nomegusta'),
(7111, 'DavidTorres@gmail.com', 'nomegusta'),
(7111, 'DianaHerrera@gmail.com', 'nomegusta'),
(7111, 'DiegoArango@gmail.com', 'nomegusta'),
(7111, 'face-job-admin@facejob.com', 'nomegusta'),
(7111, 'IsabelRestrepo@gmail.com', 'nomegusta'),
(7111, 'JavierRojas@gmail.com', 'nomegusta'),
(7111, 'JoseManuel@gmail.com', 'nomegusta'),
(7111, 'JosePerea@gmail.com', 'nomegusta'),
(7111, 'JuanPabloM@gmail.com', 'nomegusta'),
(7111, 'LauraMartinez@gmail.com', 'nomegusta'),
(7111, 'LuisMiguel2001@gmail.com', 'nomegusta'),
(7111, 'MariaFernanda@gmail.com', 'nomegusta'),
(7111, 'NataliaTorres01@gmail.com', 'nomegusta'),
(7111, 'PaulaRodriguez@gmail.com', 'nomegusta'),
(7111, 'SantiagoGonzales@gmail.com', 'nomegusta'),
(7111, 'SofiaGarcia@gmail.com', 'nomegusta'),
(7111, 'ValenGomez01@gmail.com', 'nomegusta'),
(7112, 'AlejandraHernan@gmail.com', 'nomegusta'),
(7112, 'zed@gmail.com', 'nomegusta'),
(7112, 'AnaRojas2002@gmail.com', 'nomegusta'),
(7112, 'AndreaMontoya@gmail.com', 'nomegusta'),
(7112, 'AndresFelipe@gmail.com', 'nomegusta'),
(7112, 'CamilaRamirez@gmail.com', 'nomegusta'),
(7112, 'CarlosAndres@gmail.com', 'nomegusta'),
(7112, 'danaeslo2004@gmail.com', 'nomegusta'),
(7112, 'DanielaVargas@gmail.com', 'nomegusta'),
(7112, 'DavidTorres@gmail.com', 'nomegusta'),
(7112, 'DianaHerrera@gmail.com', 'nomegusta'),
(7112, 'DiegoArango@gmail.com', 'nomegusta'),
(7112, 'face-job-admin@facejob.com', 'nomegusta'),
(7112, 'IsabelRestrepo@gmail.com', 'nomegusta'),
(7112, 'JavierRojas@gmail.com', 'nomegusta'),
(7112, 'JoseManuel@gmail.com', 'nomegusta'),
(7112, 'JosePerea@gmail.com', 'nomegusta'),
(7112, 'JuanPabloM@gmail.com', 'nomegusta'),
(7112, 'LauraMartinez@gmail.com', 'nomegusta'),
(7112, 'LuisMiguel2001@gmail.com', 'nomegusta'),
(7112, 'MariaFernanda@gmail.com', 'nomegusta'),
(7112, 'NataliaTorres01@gmail.com', 'nomegusta'),
(7112, 'PaulaRodriguez@gmail.com', 'nomegusta'),
(7112, 'SantiagoGonzales@gmail.com', 'nomegusta'),
(7112, 'SofiaGarcia@gmail.com', 'nomegusta'),
(7112, 'ValenGomez01@gmail.com', 'nomegusta'),
(7113, 'AlejandraHernan@gmail.com', 'nomegusta'),
(7113, 'zed@gmail.com', 'nomegusta'),
(7113, 'AnaRojas2002@gmail.com', 'nomegusta'),
(7113, 'AndreaMontoya@gmail.com', 'nomegusta'),
(7113, 'AndresFelipe@gmail.com', 'nomegusta'),
(7113, 'CamilaRamirez@gmail.com', 'nomegusta'),
(7113, 'CarlosAndres@gmail.com', 'nomegusta'),
(7113, 'danaeslo2004@gmail.com', 'nomegusta'),
(7113, 'DanielaVargas@gmail.com', 'nomegusta'),
(7113, 'DavidTorres@gmail.com', 'nomegusta'),
(7113, 'DianaHerrera@gmail.com', 'nomegusta'),
(7113, 'DiegoArango@gmail.com', 'nomegusta'),
(7113, 'face-job-admin@facejob.com', 'nomegusta'),
(7113, 'IsabelRestrepo@gmail.com', 'nomegusta'),
(7113, 'JavierRojas@gmail.com', 'nomegusta'),
(7113, 'JoseManuel@gmail.com', 'nomegusta'),
(7113, 'JosePerea@gmail.com', 'nomegusta'),
(7113, 'JuanPabloM@gmail.com', 'nomegusta'),
(7113, 'LauraMartinez@gmail.com', 'nomegusta'),
(7113, 'LuisMiguel2001@gmail.com', 'nomegusta'),
(7113, 'MariaFernanda@gmail.com', 'nomegusta'),
(7113, 'NataliaTorres01@gmail.com', 'nomegusta'),
(7113, 'PaulaRodriguez@gmail.com', 'nomegusta'),
(7113, 'SantiagoGonzales@gmail.com', 'nomegusta'),
(7113, 'SofiaGarcia@gmail.com', 'nomegusta'),
(7113, 'ValenGomez01@gmail.com', 'nomegusta'),
(7114, 'AlejandraHernan@gmail.com', 'nomegusta'),
(7114, 'zed@gmail.com', 'nomegusta'),
(7114, 'AnaRojas2002@gmail.com', 'nomegusta'),
(7114, 'AndreaMontoya@gmail.com', 'nomegusta'),
(7114, 'AndresFelipe@gmail.com', 'nomegusta'),
(7114, 'CamilaRamirez@gmail.com', 'nomegusta'),
(7114, 'CarlosAndres@gmail.com', 'nomegusta'),
(7114, 'danaeslo2004@gmail.com', 'nomegusta'),
(7114, 'DanielaVargas@gmail.com', 'nomegusta'),
(7114, 'DavidTorres@gmail.com', 'nomegusta'),
(7114, 'DianaHerrera@gmail.com', 'nomegusta'),
(7114, 'DiegoArango@gmail.com', 'nomegusta'),
(7114, 'face-job-admin@facejob.com', 'nomegusta'),
(7114, 'IsabelRestrepo@gmail.com', 'nomegusta'),
(7114, 'JavierRojas@gmail.com', 'nomegusta'),
(7114, 'JoseManuel@gmail.com', 'nomegusta'),
(7114, 'JosePerea@gmail.com', 'nomegusta'),
(7114, 'JuanPabloM@gmail.com', 'nomegusta'),
(7114, 'LauraMartinez@gmail.com', 'nomegusta'),
(7114, 'LuisMiguel2001@gmail.com', 'nomegusta'),
(7114, 'MariaFernanda@gmail.com', 'nomegusta'),
(7114, 'NataliaTorres01@gmail.com', 'nomegusta'),
(7114, 'PaulaRodriguez@gmail.com', 'nomegusta'),
(7114, 'SantiagoGonzales@gmail.com', 'nomegusta'),
(7114, 'SofiaGarcia@gmail.com', 'nomegusta'),
(7114, 'ValenGomez01@gmail.com', 'nomegusta'),
(7115, 'AlejandraHernan@gmail.com', 'nomegusta'),
(7115, 'zed@gmail.com', 'nomegusta'),
(7115, 'AnaRojas2002@gmail.com', 'nomegusta'),
(7115, 'AndreaMontoya@gmail.com', 'nomegusta'),
(7115, 'AndresFelipe@gmail.com', 'nomegusta'),
(7115, 'CamilaRamirez@gmail.com', 'nomegusta'),
(7115, 'CarlosAndres@gmail.com', 'nomegusta'),
(7115, 'danaeslo2004@gmail.com', 'nomegusta'),
(7115, 'DanielaVargas@gmail.com', 'nomegusta'),
(7115, 'DavidTorres@gmail.com', 'nomegusta'),
(7115, 'DianaHerrera@gmail.com', 'nomegusta'),
(7115, 'DiegoArango@gmail.com', 'nomegusta'),
(7115, 'face-job-admin@facejob.com', 'nomegusta'),
(7115, 'IsabelRestrepo@gmail.com', 'nomegusta'),
(7115, 'JavierRojas@gmail.com', 'nomegusta'),
(7115, 'JoseManuel@gmail.com', 'nomegusta'),
(7115, 'JosePerea@gmail.com', 'nomegusta'),
(7115, 'JuanPabloM@gmail.com', 'nomegusta'),
(7115, 'LauraMartinez@gmail.com', 'nomegusta'),
(7115, 'LuisMiguel2001@gmail.com', 'nomegusta'),
(7115, 'MariaFernanda@gmail.com', 'nomegusta'),
(7115, 'NataliaTorres01@gmail.com', 'nomegusta'),
(7115, 'PaulaRodriguez@gmail.com', 'nomegusta'),
(7115, 'SantiagoGonzales@gmail.com', 'nomegusta'),
(7115, 'SofiaGarcia@gmail.com', 'nomegusta'),
(7115, 'ValenGomez01@gmail.com', 'nomegusta'),
(7116, 'AlejandraHernan@gmail.com', 'nomegusta'),
(7116, 'zed@gmail.com', 'nomegusta'),
(7116, 'AnaRojas2002@gmail.com', 'nomegusta'),
(7116, 'AndreaMontoya@gmail.com', 'nomegusta'),
(7116, 'AndresFelipe@gmail.com', 'nomegusta'),
(7116, 'CamilaRamirez@gmail.com', 'nomegusta'),
(7116, 'CarlosAndres@gmail.com', 'nomegusta'),
(7116, 'danaeslo2004@gmail.com', 'nomegusta'),
(7116, 'DanielaVargas@gmail.com', 'nomegusta'),
(7116, 'DavidTorres@gmail.com', 'nomegusta'),
(7116, 'DianaHerrera@gmail.com', 'nomegusta'),
(7116, 'DiegoArango@gmail.com', 'nomegusta'),
(7116, 'face-job-admin@facejob.com', 'nomegusta'),
(7116, 'IsabelRestrepo@gmail.com', 'nomegusta'),
(7116, 'JavierRojas@gmail.com', 'nomegusta'),
(7116, 'JoseManuel@gmail.com', 'nomegusta'),
(7116, 'JosePerea@gmail.com', 'nomegusta'),
(7116, 'JuanPabloM@gmail.com', 'nomegusta'),
(7116, 'LauraMartinez@gmail.com', 'nomegusta'),
(7116, 'LuisMiguel2001@gmail.com', 'nomegusta'),
(7116, 'MariaFernanda@gmail.com', 'nomegusta'),
(7116, 'NataliaTorres01@gmail.com', 'nomegusta'),
(7116, 'PaulaRodriguez@gmail.com', 'nomegusta'),
(7116, 'SantiagoGonzales@gmail.com', 'nomegusta'),
(7116, 'SofiaGarcia@gmail.com', 'nomegusta'),
(7116, 'ValenGomez01@gmail.com', 'nomegusta'),
(7117, 'AlejandraHernan@gmail.com', 'nomegusta'),
(7117, 'zed@gmail.com', 'nomegusta'),
(7117, 'AnaRojas2002@gmail.com', 'nomegusta'),
(7117, 'AndreaMontoya@gmail.com', 'nomegusta'),
(7117, 'AndresFelipe@gmail.com', 'nomegusta'),
(7117, 'CamilaRamirez@gmail.com', 'nomegusta'),
(7117, 'CarlosAndres@gmail.com', 'nomegusta'),
(7117, 'danaeslo2004@gmail.com', 'nomegusta'),
(7117, 'DanielaVargas@gmail.com', 'nomegusta'),
(7117, 'DavidTorres@gmail.com', 'nomegusta'),
(7117, 'DianaHerrera@gmail.com', 'nomegusta'),
(7117, 'DiegoArango@gmail.com', 'nomegusta'),
(7117, 'face-job-admin@facejob.com', 'nomegusta'),
(7117, 'IsabelRestrepo@gmail.com', 'nomegusta'),
(7117, 'JavierRojas@gmail.com', 'nomegusta'),
(7117, 'JoseManuel@gmail.com', 'nomegusta'),
(7117, 'JosePerea@gmail.com', 'nomegusta'),
(7117, 'JuanPabloM@gmail.com', 'nomegusta'),
(7117, 'LauraMartinez@gmail.com', 'nomegusta'),
(7117, 'LuisMiguel2001@gmail.com', 'nomegusta'),
(7117, 'MariaFernanda@gmail.com', 'nomegusta'),
(7117, 'NataliaTorres01@gmail.com', 'nomegusta'),
(7117, 'PaulaRodriguez@gmail.com', 'nomegusta'),
(7117, 'SantiagoGonzales@gmail.com', 'nomegusta'),
(7117, 'SofiaGarcia@gmail.com', 'nomegusta'),
(7117, 'ValenGomez01@gmail.com', 'nomegusta'),
(7118, 'AlejandraHernan@gmail.com', 'nomegusta'),
(7118, 'zed@gmail.com', 'nomegusta'),
(7118, 'AnaRojas2002@gmail.com', 'nomegusta'),
(7118, 'AndreaMontoya@gmail.com', 'nomegusta'),
(7118, 'AndresFelipe@gmail.com', 'nomegusta'),
(7118, 'CamilaRamirez@gmail.com', 'nomegusta'),
(7118, 'CarlosAndres@gmail.com', 'nomegusta'),
(7118, 'danaeslo2004@gmail.com', 'nomegusta'),
(7118, 'DanielaVargas@gmail.com', 'nomegusta'),
(7118, 'DavidTorres@gmail.com', 'nomegusta'),
(7118, 'DianaHerrera@gmail.com', 'nomegusta'),
(7118, 'DiegoArango@gmail.com', 'nomegusta'),
(7118, 'face-job-admin@facejob.com', 'nomegusta'),
(7118, 'IsabelRestrepo@gmail.com', 'nomegusta'),
(7118, 'JavierRojas@gmail.com', 'nomegusta'),
(7118, 'JoseManuel@gmail.com', 'nomegusta'),
(7118, 'JosePerea@gmail.com', 'nomegusta'),
(7118, 'JuanPabloM@gmail.com', 'nomegusta'),
(7118, 'LauraMartinez@gmail.com', 'nomegusta'),
(7118, 'LuisMiguel2001@gmail.com', 'nomegusta'),
(7118, 'MariaFernanda@gmail.com', 'nomegusta'),
(7118, 'NataliaTorres01@gmail.com', 'nomegusta'),
(7118, 'PaulaRodriguez@gmail.com', 'nomegusta'),
(7118, 'SantiagoGonzales@gmail.com', 'nomegusta'),
(7118, 'SofiaGarcia@gmail.com', 'nomegusta'),
(7118, 'ValenGomez01@gmail.com', 'nomegusta'),
(7119, 'AlejandraHernan@gmail.com', 'nomegusta'),
(7119, 'zed@gmail.com', 'nomegusta'),
(7119, 'AnaRojas2002@gmail.com', 'nomegusta'),
(7119, 'AndreaMontoya@gmail.com', 'nomegusta'),
(7119, 'AndresFelipe@gmail.com', 'nomegusta'),
(7119, 'CamilaRamirez@gmail.com', 'nomegusta'),
(7119, 'CarlosAndres@gmail.com', 'nomegusta'),
(7119, 'danaeslo2004@gmail.com', 'nomegusta'),
(7119, 'DanielaVargas@gmail.com', 'nomegusta'),
(7119, 'DavidTorres@gmail.com', 'nomegusta'),
(7119, 'DianaHerrera@gmail.com', 'nomegusta'),
(7119, 'DiegoArango@gmail.com', 'nomegusta'),
(7119, 'face-job-admin@facejob.com', 'nomegusta'),
(7119, 'IsabelRestrepo@gmail.com', 'nomegusta'),
(7119, 'JavierRojas@gmail.com', 'nomegusta'),
(7119, 'JoseManuel@gmail.com', 'nomegusta'),
(7119, 'JosePerea@gmail.com', 'nomegusta'),
(7119, 'JuanPabloM@gmail.com', 'nomegusta'),
(7119, 'LauraMartinez@gmail.com', 'nomegusta'),
(7119, 'LuisMiguel2001@gmail.com', 'nomegusta'),
(7119, 'MariaFernanda@gmail.com', 'nomegusta'),
(7119, 'NataliaTorres01@gmail.com', 'nomegusta'),
(7119, 'PaulaRodriguez@gmail.com', 'nomegusta'),
(7119, 'SantiagoGonzales@gmail.com', 'nomegusta'),
(7119, 'SofiaGarcia@gmail.com', 'nomegusta'),
(7119, 'ValenGomez01@gmail.com', 'nomegusta'),
(7120, 'AlejandraHernan@gmail.com', 'nomegusta'),
(7120, 'zed@gmail.com', 'nomegusta'),
(7120, 'AnaRojas2002@gmail.com', 'nomegusta'),
(7120, 'AndreaMontoya@gmail.com', 'nomegusta'),
(7120, 'AndresFelipe@gmail.com', 'nomegusta'),
(7120, 'CamilaRamirez@gmail.com', 'nomegusta'),
(7120, 'CarlosAndres@gmail.com', 'nomegusta'),
(7120, 'danaeslo2004@gmail.com', 'nomegusta'),
(7120, 'DanielaVargas@gmail.com', 'nomegusta'),
(7120, 'DavidTorres@gmail.com', 'nomegusta'),
(7120, 'DianaHerrera@gmail.com', 'nomegusta'),
(7120, 'DiegoArango@gmail.com', 'nomegusta'),
(7120, 'face-job-admin@facejob.com', 'nomegusta'),
(7120, 'IsabelRestrepo@gmail.com', 'nomegusta'),
(7120, 'JavierRojas@gmail.com', 'nomegusta'),
(7120, 'JoseManuel@gmail.com', 'nomegusta'),
(7120, 'JosePerea@gmail.com', 'nomegusta'),
(7120, 'JuanPabloM@gmail.com', 'nomegusta'),
(7120, 'LauraMartinez@gmail.com', 'nomegusta'),
(7120, 'LuisMiguel2001@gmail.com', 'nomegusta'),
(7120, 'MariaFernanda@gmail.com', 'nomegusta'),
(7120, 'NataliaTorres01@gmail.com', 'nomegusta'),
(7120, 'PaulaRodriguez@gmail.com', 'nomegusta'),
(7120, 'SantiagoGonzales@gmail.com', 'nomegusta'),
(7120, 'SofiaGarcia@gmail.com', 'nomegusta'),
(7120, 'ValenGomez01@gmail.com', 'nomegusta');

-- --------------------------------------------------------

--
-- Estructura de tabla para la tabla `mensaje`
--

CREATE TABLE `mensaje` (
  `id_mensajes` int(11) NOT NULL,
  `remitente` varchar(70) DEFAULT NULL,
  `receptor` varchar(70) DEFAULT NULL,
  `mensaje` text DEFAULT NULL,
  `tipo` varchar(30) DEFAULT NULL,
  `fecha` timestamp NOT NULL DEFAULT current_timestamp(),
  `link` varchar(200) DEFAULT NULL
) ENGINE=InnoDB DEFAULT CHARSET=utf8mb4 COLLATE=utf8mb4_general_ci;

--
-- Volcado de datos para la tabla `mensaje`
--

INSERT INTO `mensaje` (`id_mensajes`, `remitente`, `receptor`, `mensaje`, `tipo`, `fecha`, `link`) VALUES
(120, 'LuisMiguel2001@gmail.com', 'ValenGomez01@gmail.com', 'Hola me gustaria trabajar contigo', 'texto', '2023-05-02 12:27:28', 'NULL'),
(121, 'ValenGomez01@gmail.com', 'LuisMiguel2001@gmail.com', 'Gracias por comunicarte', 'texto', '2023-05-02 12:27:28', 'NULL'),
(122, 'LauraMartinez@gmail.com', 'ValenGomez01@gmail.com', 'Hola me gustaria trabajar contigo', 'texto', '2023-05-03 12:46:11', 'NULL'),
(123, 'ValenGomez01@gmail.com', 'LauraMartinez@gmail.com', 'Gracias por comunicarte', 'texto', '2023-05-03 12:46:11', 'NULL'),
(124, 'LauraMartinez@gmail.com', 'ValenGomez01@gmail.com', 'hola', 'texto', '2023-05-03 12:47:03', 'NULL'),
(125, 'ValenGomez01@gmail.com', 'LauraMartinez@gmail.com', 'holaa', 'texto', '2023-05-03 12:47:10', 'NULL'),
(126, 'danaeslo2004@gmail.com', 'CamilaRamirez@gmail.com', 'Hola me gustaria trabajar contigo', 'texto', '2023-05-04 14:22:40', 'NULL'),
(127, 'CamilaRamirez@gmail.com', 'danaeslo2004@gmail.com', 'Gracias por comunicarte', 'texto', '2023-05-04 14:22:40', 'NULL'),
(128, 'danaeslo2004@gmail.com', 'CamilaRamirez@gmail.com', 'hola', 'texto', '2023-05-04 14:26:25', 'NULL'),
(129, 'danaeslo2004@gmail.com', 'CamilaRamirez@gmail.com', 'hola', 'texto', '2023-05-04 14:26:26', 'NULL'),
(130, 'danaeslo2004@gmail.com', 'CamilaRamirez@gmail.com', 'hola', 'texto', '2023-05-04 14:26:28', 'NULL'),
(131, 'danaeslo2004@gmail.com', 'CamilaRamirez@gmail.com', 'hoal', 'texto', '2023-05-04 14:26:30', 'NULL'),
(132, 'danaeslo2004@gmail.com', 'CamilaRamirez@gmail.com', 'ajaja', 'texto', '2023-05-04 14:26:31', 'NULL'),
(133, 'danaeslo2004@gmail.com', 'CamilaRamirez@gmail.com', 'a', 'texto', '2023-05-04 14:26:31', 'NULL'),
(134, 'danaeslo2004@gmail.com', 'CamilaRamirez@gmail.com', 'ajsasa', 'texto', '2023-05-04 14:26:32', 'NULL'),
(135, 'danaeslo2004@gmail.com', 'CamilaRamirez@gmail.com', 'sasasa', 'texto', '2023-05-04 14:26:33', 'NULL'),
(136, 'danaeslo2004@gmail.com', 'CamilaRamirez@gmail.com', 'sasas', 'texto', '2023-05-04 14:26:34', 'NULL'),
(137, 'DanielaVargas@gmail.com', 'CamilaRamirez@gmail.com', 'Hola me gustaria trabajar contigo', 'texto', '2023-05-10 12:49:34', 'NULL'),
(138, 'CamilaRamirez@gmail.com', 'DanielaVargas@gmail.com', 'Gracias por comunicarte', 'texto', '2023-05-10 12:49:34', 'NULL'),
(142, 'CamilaRamirez@gmail.com', 'zed@gmail.com', 'Hola me gustaria trabajar contigo', 'texto', '2023-05-11 15:55:48', 'NULL'),
(143, 'zed@gmail.com', 'CamilaRamirez@gmail.com', 'Gracias por comunicarte', 'texto', '2023-05-11 15:55:48', 'NULL'),
(144, 'CamilaRamirez@gmail.com', 'zed@gmail.com', 'Hola me gustaria trabajar contigo', 'texto', '2023-05-11 16:04:16', 'NULL'),
(145, 'zed@gmail.com', 'CamilaRamirez@gmail.com', 'Gracias por comunicarte', 'texto', '2023-05-11 16:04:16', 'NULL');

-- --------------------------------------------------------

--
-- Estructura de tabla para la tabla `paquetes`
--

CREATE TABLE `paquetes` (
  `nombre_paquete` varchar(1) NOT NULL,
  `vistas_paquete` int(2) DEFAULT NULL
) ENGINE=InnoDB DEFAULT CHARSET=utf8mb4 COLLATE=utf8mb4_general_ci;

--
-- Volcado de datos para la tabla `paquetes`
--

INSERT INTO `paquetes` (`nombre_paquete`, `vistas_paquete`) VALUES
('1', 10),
('2', 25),
('3', 40),
('4', 5);

-- --------------------------------------------------------

--
-- Estructura de tabla para la tabla `profesionales_vistos`
--

CREATE TABLE `profesionales_vistos` (
  `email_cliente` varchar(50) DEFAULT NULL,
  `email_visto` varchar(50) DEFAULT NULL
) ENGINE=InnoDB DEFAULT CHARSET=utf8mb4 COLLATE=utf8mb4_general_ci;

--
-- Volcado de datos para la tabla `profesionales_vistos`
--

INSERT INTO `profesionales_vistos` (`email_cliente`, `email_visto`) VALUES
('zed@gmail.com', 'camilogomess10@gmail.com'),
('zed@gmail.com', 'kebinochoa10@gmail.com'),
('zed@gmail.com', 'juanca@gmail.com'),
('zed@gmail.com', 'dabeats0914@gmail.com'),
('zed@gmail.com', 'anciano@gmail.com'),
('zed@gmail.com', 'danaeslo2004@gmail.com'),
('LuisMiguel2001@gmail.com', 'ValenGomez01@gmail.com'),
('AnaRojas2002@gmail.com', 'zed@gmail.com'),
('DavidTorres@gmail.com', 'AnaRojas2002@gmail.com'),
('LauraMartinez@gmail.com', 'ValenGomez01@gmail.com'),
('LauraMartinez@gmail.com', 'JoseManuel@gmail.com'),
('LauraMartinez@gmail.com', 'DiegoArango@gmail.com'),
('AlejandraHernan@gmail.com', 'CamilaRamirez@gmail.com'),
('AlejandraHernan@gmail.com', 'DiegoArango@gmail.com'),
('AlejandraHernan@gmail.com', 'JoseManuel@gmail.com'),
('danaeslo2004@gmail.com', 'JavierRojas@gmail.com'),
('danaeslo2004@gmail.com', 'DanielaVargas@gmail.com'),
('danaeslo2004@gmail.com', 'CamilaRamirez@gmail.com'),
('DanielaVargas@gmail.com', 'AlejandraHernan@gmail.com'),
('DanielaVargas@gmail.com', 'CamilaRamirez@gmail.com'),
('zed@gmail.com', 'AlejandraHernan@gmail.com'),
('CarlosAndres@gmail.com', 'CamilaRamirez@gmail.com'),
('CamilaRamirez@gmail.com', 'AlejandraHernan@gmail.com'),
('CamilaRamirez@gmail.com', 'zed@gmail.com'),
('zed@gmail.com', 'IsabelRestrepo@gmail.com');

-- --------------------------------------------------------

--
-- Estructura de tabla para la tabla `publicaciones`
--

CREATE TABLE `publicaciones` (
  `id` int(20) NOT NULL,
  `tiempo` timestamp NOT NULL DEFAULT current_timestamp(),
  `img` text DEFAULT NULL,
  `description` varchar(100) DEFAULT NULL,
  `likes` int(10) DEFAULT 0,
  `comments` int(11) DEFAULT 0
) ENGINE=InnoDB DEFAULT CHARSET=utf8mb4 COLLATE=utf8mb4_general_ci;

--
-- Volcado de datos para la tabla `publicaciones`
--

INSERT INTO `publicaciones` (`id`, `tiempo`, `img`, `description`, `likes`, `comments`) VALUES
(50056, '2023-04-16 01:18:33', 'https://res.cloudinary.com/de2sdukuk/image/upload/v1681589913/posts/iuetccyodypmdoybwalu.jpg', 'paisaje foto', 0, 0),
(50065, '2023-05-02 15:54:46', 'https://res.cloudinary.com/de2sdukuk/image/upload/v1682345214/defaults/Dise%C3%B1o%20interiores/6_wkuddr.png', 'Concepto abierto de Cocina-Comedor', 0, 0),
(50066, '2023-05-02 15:56:46', 'https://res.cloudinary.com/de2sdukuk/image/upload/v1682345213/defaults/Dise%C3%B1o%20interiores/9_jfaqiz.png', 'Escritorio simple', 0, 0),
(50068, '2023-05-02 15:56:47', 'https://res.cloudinary.com/de2sdukuk/image/upload/v1682345209/defaults/Dise%C3%B1o%20interiores/10_nx0a40.png', 'Entrada ', 0, 0),
(50069, '2023-05-02 16:02:28', 'https://res.cloudinary.com/de2sdukuk/image/upload/v1682345223/defaults/Desarrollador%20de%20aplicaciones%20moviles/12_eohgf2.png', 'Interfaz grafica', 0, 0),
(50070, '2023-05-02 16:02:32', 'https://res.cloudinary.com/de2sdukuk/image/upload/v1682345221/defaults/Desarrollador%20de%20aplicaciones%20moviles/1_vcrwzl.png', 'Interfaz grafica en tonos pastel', 0, 0),
(50071, '2023-05-02 16:08:33', 'https://res.cloudinary.com/de2sdukuk/image/upload/v1682345222/defaults/Desarrollador%20de%20aplicaciones%20moviles/10_rtje5n.png', 'Interfaz de perfil de usuario', 0, 0),
(50072, '2023-05-02 16:12:41', 'https://res.cloudinary.com/de2sdukuk/image/upload/v1682345212/defaults/Dise%C3%B1o%20interiores/8_lgb0nw.png', 'Iluminacion ambiente', 0, 0),
(50073, '2023-05-02 16:14:06', 'https://res.cloudinary.com/de2sdukuk/image/upload/v1682345211/defaults/Dise%C3%B1o%20interiores/7_mtng49.png', 'Habitacion sencilla', 0, 0),
(50074, '2023-05-02 16:14:54', 'https://res.cloudinary.com/de2sdukuk/image/upload/v1682345211/defaults/Dise%C3%B1o%20interiores/2_puit6l.png', 'Sala de estar con tematica ambiental', 0, 0),
(50075, '2023-05-02 16:18:38', 'https://res.cloudinary.com/de2sdukuk/image/upload/v1682345210/defaults/Dise%C3%B1o%20interiores/11_yg64rm.png', 'Sillas modernas', 0, 0),
(50076, '2023-05-02 16:19:24', 'https://res.cloudinary.com/de2sdukuk/image/upload/v1682345210/defaults/Dise%C3%B1o%20interiores/3_orfsro.png', 'Planos casa Asolo', 0, 0),
(50077, '2023-05-02 16:20:02', 'https://res.cloudinary.com/de2sdukuk/image/upload/v1682345210/defaults/Dise%C3%B1o%20interiores/4_q7ryhc.png', 'Casa la Quinta', 0, 0),
(50078, '2023-05-02 16:25:20', 'https://res.cloudinary.com/de2sdukuk/image/upload/v1682345223/defaults/Desarrollador%20de%20aplicaciones%20moviles/5_nhvfbk.png', 'Interfaz de bienvenida a portafolio', 0, 0),
(50079, '2023-05-02 16:29:18', 'https://res.cloudinary.com/de2sdukuk/image/upload/v1682345224/defaults/Desarrollador%20de%20aplicaciones%20moviles/2_gbcroa.png', 'Interfaz de Categorias', 0, 0),
(50080, '2023-05-02 16:30:43', 'https://res.cloudinary.com/de2sdukuk/image/upload/v1682345224/defaults/Desarrollador%20de%20aplicaciones%20moviles/3_kyb9wr.png', 'Interfaz de bienvenida a una aplicacion de banco', 0, 0),
(50081, '2023-05-02 16:34:53', 'https://res.cloudinary.com/de2sdukuk/image/upload/v1682345224/defaults/Desarrollador%20de%20aplicaciones%20moviles/7_tztwqg.png', 'Informacion de equipo', 0, 0),
(50082, '2023-05-02 16:36:18', 'https://res.cloudinary.com/de2sdukuk/image/upload/v1682345224/defaults/Desarrollador%20de%20aplicaciones%20moviles/6_wlz5rj.png', 'Interfaz de asistente de marketing', 0, 0),
(50083, '2023-05-02 16:37:05', 'https://res.cloudinary.com/de2sdukuk/image/upload/v1682345225/defaults/Desarrollador%20de%20aplicaciones%20moviles/4_urvqks.png', 'Interfaz de notas y tareas', 0, 0),
(50084, '2023-05-03 11:37:30', 'https://res.cloudinary.com/de2sdukuk/image/upload/v1682345209/defaults/Dise%C3%B1o%20interiores/1_gbawpf.png', 'La casa mamamia', 0, 0),
(50085, '2023-05-03 11:38:17', 'https://res.cloudinary.com/de2sdukuk/image/upload/v1682345209/defaults/Dise%C3%B1o%20interiores/12_mjc1mr.png', 'Sala con concepto abierto', 0, 0),
(50086, '2023-05-03 11:38:17', 'https://res.cloudinary.com/de2sdukuk/image/upload/v1682345210/defaults/Dise%C3%B1o%20interiores/5_sqhtxh.png', 'Fachada moderna', 0, 0),
(50087, '2023-05-03 11:41:56', 'https://res.cloudinary.com/de2sdukuk/image/upload/v1682345225/defaults/Desarrollador%20de%20aplicaciones%20moviles/8_lxkg8t.png', 'Interfaz relations company', 0, 0),
(50088, '2023-05-03 11:42:54', 'https://res.cloudinary.com/de2sdukuk/image/upload/v1683113203/defaults/Desarrollador%20de%20aplicaciones%20moviles/13_t9b0mu.png', 'Interfaz balance', 0, 0),
(50089, '2023-05-03 11:42:55', 'https://res.cloudinary.com/de2sdukuk/image/upload/v1682345225/defaults/Desarrollador%20de%20aplicaciones%20moviles/9_w4whng.png', 'Interfaz porcentaje', 0, 0),
(50090, '2023-05-03 11:47:38', 'https://res.cloudinary.com/de2sdukuk/image/upload/v1682345217/defaults/Coach%20personal/10_opw1gi.png', 'Cuerpo sano y saludable', 0, 0),
(50091, '2023-05-03 11:48:44', 'https://res.cloudinary.com/de2sdukuk/image/upload/v1682345218/defaults/Coach%20personal/11_fp4oqh.png', 'Entrenamiento personal online', 0, 0),
(50092, '2023-05-03 11:49:18', 'https://res.cloudinary.com/de2sdukuk/image/upload/v1682345218/defaults/Coach%20personal/1_zgbvd1.png', 'Transforma tu cuerpo', 0, 0),
(50093, '2023-05-03 11:52:40', 'https://res.cloudinary.com/de2sdukuk/image/upload/v1682345218/defaults/Coach%20personal/12_phtqf6.png', 'Studio fitness en tu ciudad', 0, 0),
(50094, '2023-05-03 11:54:29', 'https://res.cloudinary.com/de2sdukuk/image/upload/v1682345219/defaults/Coach%20personal/3_dmgu2q.png', 'Mejora tu nivel de condicion fisica para mejor', 0, 0),
(50095, '2023-05-03 11:55:45', 'https://res.cloudinary.com/de2sdukuk/image/upload/v1682345219/defaults/Coach%20personal/2_obpmaq.png', 'Haz que tu cuerpo este en forma y saludable', 0, 0),
(50096, '2023-05-03 11:59:30', 'https://res.cloudinary.com/de2sdukuk/image/upload/v1682345221/defaults/Coach%20personal/8_nt9huu.png', 'Entrena para estar saludable', 0, 0),
(50097, '2023-05-03 12:01:02', 'https://res.cloudinary.com/de2sdukuk/image/upload/v1682345222/defaults/Coach%20personal/6_hjm4ce.png', 'Sencilla experiencia fitness para todos', 0, 0),
(50098, '2023-05-03 12:01:58', 'https://res.cloudinary.com/de2sdukuk/image/upload/v1682345228/defaults/Coach%20personal/5_uutzmq.png', 'Fitness coach', 0, 0),
(50099, '2023-05-03 13:57:53', 'https://res.cloudinary.com/de2sdukuk/image/upload/v1682345220/defaults/Coach%20personal/4_cpxy4q.png', 'Construye un cuerpo saludable', 0, 0),
(50100, '2023-05-03 13:59:01', 'https://res.cloudinary.com/de2sdukuk/image/upload/v1682345220/defaults/Coach%20personal/7_y9zbvv.png', 'Tu salud es única', 0, 0),
(50101, '2023-05-03 14:00:32', 'https://res.cloudinary.com/de2sdukuk/image/upload/v1682345221/defaults/Coach%20personal/9_meh9rz.png', 'Libera a tu atleta interno', 0, 0),
(50102, '2023-05-03 14:03:32', 'https://res.cloudinary.com/de2sdukuk/image/upload/v1682345206/defaults/Desarrollador%20de%20Software/7_nrtnj1.png', 'Oficio remoto', 0, 0),
(50103, '2023-05-03 14:05:05', 'https://res.cloudinary.com/de2sdukuk/image/upload/v1682345213/defaults/Desarrollador%20de%20Software/9_yfzwtp.png', 'Las mejores viviendas acogedoras', 0, 0),
(50104, '2023-05-03 14:14:32', 'https://res.cloudinary.com/de2sdukuk/image/upload/v1682345226/defaults/Desarrollador%20de%20Software/2_viik9e.png', 'Es hora del mundo virtual', 0, 1),
(50105, '2023-05-03 14:19:16', 'https://res.cloudinary.com/de2sdukuk/image/upload/v1682345205/defaults/Desarrollador%20de%20Software/8_fhq43k.png', 'Crea contenido en un solo click', 0, 0),
(50106, '2023-05-03 14:20:08', 'https://res.cloudinary.com/de2sdukuk/image/upload/v1682345205/defaults/Desarrollador%20de%20Software/12_pnif49.png', 'Rutina diaria de cuidado de la piel', 0, 0),
(50107, '2023-05-03 14:21:06', 'https://res.cloudinary.com/de2sdukuk/image/upload/v1682345205/defaults/Desarrollador%20de%20Software/3_bprwgg.png', 'Plataforma de seguimiento financiero', 0, 0),
(50108, '2023-05-03 14:25:02', 'https://res.cloudinary.com/de2sdukuk/image/upload/v1682345204/defaults/Desarrollador%20de%20Software/4_awg1bw.png', 'Boom digital', 0, 0),
(50109, '2023-05-03 14:25:53', 'https://res.cloudinary.com/de2sdukuk/image/upload/v1682345204/defaults/Desarrollador%20de%20Software/5_r5vynt.png', 'Facilita la gestión de su negocio', 0, 0),
(50110, '2023-05-03 14:27:46', 'https://res.cloudinary.com/de2sdukuk/image/upload/v1682345205/defaults/Desarrollador%20de%20Software/6_jc4wdz.png', 'Pon en marcha tu cartera de criptomonedas', 0, 0),
(50111, '2023-05-03 14:53:22', 'https://res.cloudinary.com/de2sdukuk/image/upload/v1682345203/defaults/Desarrollador%20de%20Software/1_zcgf50.png', 'Ideas pretenciosas ilimitadas', 0, 0),
(50112, '2023-05-03 14:54:27', 'https://res.cloudinary.com/de2sdukuk/image/upload/v1682345203/defaults/Desarrollador%20de%20Software/10_cog1pa.png', 'Ahorros futuros', 0, 0),
(50113, '2023-05-03 14:55:11', 'https://res.cloudinary.com/de2sdukuk/image/upload/v1682345203/defaults/Desarrollador%20de%20Software/11_fzjfmq.png', 'Conquistar el comercio', 0, 0),
(50114, '2023-05-03 14:58:25', 'https://res.cloudinary.com/de2sdukuk/image/upload/v1682345219/defaults/Fotografo/4_f5cwr8.png', 'Mi equipo de trabajo', 0, 0),
(50115, '2023-05-03 14:59:47', 'https://res.cloudinary.com/de2sdukuk/image/upload/v1682345220/defaults/Fotografo/3_m6zizg.png', 'Detalles vintage', 0, 0),
(50116, '2023-05-03 15:02:02', 'https://res.cloudinary.com/de2sdukuk/image/upload/v1682345225/defaults/Fotografo/12_byfauv.png', 'Body fit sesion', 0, 0),
(50117, '2023-05-03 15:05:15', 'https://res.cloudinary.com/de2sdukuk/image/upload/v1682345211/defaults/Fotografo/1_qs38sj.png', 'Mis herramientas de trabajo', 0, 0),
(50118, '2023-05-03 15:13:58', 'https://res.cloudinary.com/de2sdukuk/image/upload/v1682345212/defaults/Fotografo/10_ciwdif.png', 'Mascara de mohai', 0, 0),
(50119, '2023-05-03 15:15:05', 'https://res.cloudinary.com/de2sdukuk/image/upload/v1682345213/defaults/Fotografo/11_ecz0vt.png', 'Seta de porcelana', 0, 0),
(50120, '2023-05-04 11:43:37', 'https://res.cloudinary.com/de2sdukuk/image/upload/v1682345213/defaults/Fotografo/2_b64r7p.png', 'Calido como el amor', 0, 0),
(50121, '2023-05-04 11:44:15', 'https://res.cloudinary.com/de2sdukuk/image/upload/v1682345215/defaults/Fotografo/6_wz1ogd.png', 'Corsel de porcelana', 0, 0),
(50122, '2023-05-04 11:45:37', 'https://res.cloudinary.com/de2sdukuk/image/upload/v1682345216/defaults/Fotografo/9_x3uide.png', 'Una cruda realidad', 0, 0),
(50123, '2023-05-04 11:51:27', 'https://res.cloudinary.com/de2sdukuk/image/upload/v1682345215/defaults/Fotografo/7_fyotgk.png', 'Mi compañero de trabajo', 0, 0),
(50124, '2023-05-04 11:52:12', 'https://res.cloudinary.com/de2sdukuk/image/upload/v1682345216/defaults/Fotografo/8_f6qnwe.png', 'Todo cuuerpo es perfecto', 0, 0),
(50125, '2023-05-04 11:53:13', 'https://res.cloudinary.com/de2sdukuk/image/upload/v1683200545/defaults/Fotografo/pexels-kyle-loftus-2510428_ljoo6e.jpg', 'Una sesion de trabajo', 0, 0),
(50126, '2023-05-04 13:01:08', 'https://res.cloudinary.com/de2sdukuk/image/upload/v1682345207/defaults/Dise%C3%B1o%20Grafico/6_ljvvvp.png', 'Arte animal', 0, 0),
(50127, '2023-05-04 13:01:44', 'https://res.cloudinary.com/de2sdukuk/image/upload/v1682345206/defaults/Dise%C3%B1o%20Grafico/12_lpczs0.png', 'Diseño de portada para album', 0, 0),
(50128, '2023-05-04 13:02:24', 'https://res.cloudinary.com/de2sdukuk/image/upload/v1682345206/defaults/Dise%C3%B1o%20Grafico/2_ekptiy.png', 'Diseño digital', 0, 0),
(50129, '2023-05-04 13:23:51', 'https://res.cloudinary.com/de2sdukuk/image/upload/v1682345214/defaults/Dise%C3%B1o%20Grafico/1_sum5jf.png', 'Transito', 0, 0),
(50130, '2023-05-04 13:23:52', 'https://res.cloudinary.com/de2sdukuk/image/upload/v1682345208/defaults/Dise%C3%B1o%20Grafico/9_rfgiq2.png', 'Oficina', 0, 0),
(50131, '2023-05-04 13:25:12', 'https://res.cloudinary.com/de2sdukuk/image/upload/v1682345205/defaults/Dise%C3%B1o%20Grafico/10_cwo9y6.png', 'Compras', 0, 0),
(50133, '2023-05-04 13:31:52', 'https://res.cloudinary.com/de2sdukuk/image/upload/v1682345207/defaults/Dise%C3%B1o%20Grafico/4_dq2det.png', 'Vector oficina', 0, 0),
(50134, '2023-05-04 13:32:46', 'https://res.cloudinary.com/de2sdukuk/image/upload/v1682345208/defaults/Dise%C3%B1o%20Grafico/8_za7ofr.png', 'Vector repartidor', 0, 0),
(50135, '2023-05-04 13:34:25', 'https://res.cloudinary.com/de2sdukuk/image/upload/v1682345208/defaults/Dise%C3%B1o%20Grafico/7_cimhb2.png', 'Vector mirando a la luna', 0, 0),
(50136, '2023-05-04 13:38:33', 'https://res.cloudinary.com/de2sdukuk/image/upload/v1682345206/defaults/Dise%C3%B1o%20Grafico/11_oanlxm.png', 'Comunicacion', 0, 0),
(50137, '2023-05-04 13:39:04', 'https://res.cloudinary.com/de2sdukuk/image/upload/v1682345207/defaults/Dise%C3%B1o%20Grafico/3_klpeit.png', 'Correo', 0, 0),
(50138, '2023-05-04 13:39:22', 'https://res.cloudinary.com/de2sdukuk/image/upload/v1682345209/defaults/Dise%C3%B1o%20Grafico/5_ujj2j1.png', 'Reunion', 0, 1);

-- --------------------------------------------------------

--
-- Estructura de tabla para la tabla `publicacionestextos`
--

CREATE TABLE `publicacionestextos` (
  `id` int(20) NOT NULL,
  `tiempo` timestamp NOT NULL DEFAULT current_timestamp(),
  `textos` varchar(500) DEFAULT NULL,
  `description` varchar(100) DEFAULT NULL,
  `likes` int(10) DEFAULT 0,
  `comments` int(11) DEFAULT 0
) ENGINE=InnoDB DEFAULT CHARSET=utf8mb4 COLLATE=utf8mb4_general_ci;

--
-- Volcado de datos para la tabla `publicacionestextos`
--

INSERT INTO `publicacionestextos` (`id`, `tiempo`, `textos`, `description`, `likes`, `comments`) VALUES
(7040, '2023-04-15 05:17:41', 'hola baby, eieieiei', 'qwerty', 0, 0),
(7044, '2023-05-11 23:47:16', 'Como desarrollador web, siempre estoy buscando formas de mejorar el rendimiento y la velocidad de mis sitios web. Esto asegura una mejor experiencia para el usuario y un mejor posicionamiento en los motores de búsqueda', 'waw!', 0, 0),
(7045, '2023-05-11 23:48:07', 'La programación web es una combinación perfecta de creatividad y tecnología. Me encanta encontrar soluciones innovadoras y únicas para cada proyecto que trabajo', 'eso lo digo yo', 0, 0),
(7046, '2023-05-11 23:48:26', 'El diseño web no solo se trata de hacer que un sitio se vea bien, sino también de hacer que sea fácil de usar y accesible para todos los usuarios', 'wow', 0, 0),
(7047, '2023-05-11 23:50:21', 'El desarrollo web es un proceso continuo de aprendizaje y mejora. Siempre estoy buscando nuevas tecnologías y técnicas para mejorar mi trabajo y hacer que mis sitios sean más eficientes', 'waw', 0, 0),
(7048, '2023-05-11 23:50:42', 'La programación web es una de las habilidades más valiosas en la actualidad. Con un sitio web bien diseñado y optimizado, una empresa puede alcanzar un público más amplio y aumentar sus ingresos', 'eso lo digo yo', 0, 0),
(7049, '2023-05-11 23:51:51', 'Como desarrollador web, mi objetivo es hacer que el proceso de construir un sitio web sea lo más fácil y eficiente posible para mis clientes', 'wow', 0, 0),
(7050, '2023-05-11 23:53:47', 'La programación web es una combinación de ciencia y arte. Es importante encontrar un equilibrio entre la funcionalidad y la estética para crear sitios web exitosos', 'waw', 0, 0),
(7051, '2023-05-11 23:54:10', 'El diseño web responsive es esencial en la actualidad, ya que permite que los sitios se adapten a cualquier dispositivo y tamaño de pantalla. Es importante asegurarse de que un sitio web se vea bien en todas las plataformas', 'wow', 0, 0),
(7052, '2023-05-11 23:59:42', 'La accesibilidad web es esencial para garantizar que todos los usuarios puedan acceder y utilizar un sitio web. Siempre me aseguro de que mis sitios sean fáciles de usar para personas con discapacidades y necesidades especiales', 'wow', 0, 0),
(7054, '2023-05-12 00:07:11', 'La optimización de motores de búsqueda es una parte integral del desarrollo web. Es importante optimizar cada sitio web para garantizar una mejor visibilidad en los motores de búsqueda y, en última instancia, más tráfico y clientes potenciales', 'waw', 0, 0),
(7055, '2023-05-12 00:07:50', 'Como desarrollador web, siempre estoy buscando maneras de mejorar la seguridad de mis sitios. Esto incluye implementar medidas de seguridad para proteger los datos del usuario y prevenir ataques cibernéticos', 'eso lo digo yo', 0, 0),
(7056, '2023-05-12 00:08:10', 'El diseño web puede influir en la percepción de una marca o empresa. Es importante asegurarse de que un sitio web refleje la identidad y los valores de la empresa para generar una conexión con los clientes', 'wow', 0, 0),
(7057, '2023-05-12 00:09:04', 'No esperes a que llegue el momento perfecto para empezar a cambiar tu vida. ¡El momento es ahora! Con mi ayuda como coach profesional, puedes lograr tus metas y transformar tu vida para siempre', 'waw', 0, 0),
(7058, '2023-05-12 00:09:24', '\"Un coach profesional no es solo alguien que te dice qué hacer. Es alguien que te ayuda a descubrir tus verdaderos deseos y te guía para que puedas alcanzarlos de manera efectiva', 'eso lo digo yo', 0, 0),
(7059, '2023-05-12 00:09:45', 'Si te sientes atascado en tu vida y no sabes qué hacer para avanzar, un coach profesional puede ayudarte a identificar tus obstáculos y a crear un plan de acción para superarlos', 'wow', 0, 0),
(7060, '2023-05-12 00:10:50', 'No importa qué tan grande o pequeño sea tu objetivo, un coach profesional puede ayudarte a alcanzarlo de manera más rápida y efectiva. Juntos, podemos hacer que tus sueños se hagan realidad', 'waw', 0, 0),
(7061, '2023-05-12 00:12:21', 'A veces, todo lo que necesitamos es un poco de motivación para tomar el primer paso hacia nuestras metas. Como coach profesional, estoy aquí para inspirarte y motivarte en cada paso del camino', 'eso lo digo yo', 0, 0),
(7062, '2023-05-12 00:12:47', 'No te rindas ante los desafíos de la vida. Como coach profesional, puedo ayudarte a cambiar tu perspectiva y a encontrar soluciones creativas para cualquier problema que enfrentes', 'wow', 0, 0),
(7063, '2023-05-12 00:14:01', 'La vida es corta, así que es importante aprovechar al máximo cada momento. Con mi ayuda como coach profesional, puedes descubrir lo que realmente te apasiona y vivir una vida llena de significado y propósito', 'waw', 0, 0),
(7064, '2023-05-12 00:14:27', 'A veces, todo lo que necesitamos es alguien que nos escuche sin juzgar y nos brinde el apoyo que necesitamos para seguir adelante. Como coach profesional, estoy aquí para ser ese alguien para ti', 'eso lo digo yo', 0, 0),
(7065, '2023-05-12 00:14:49', 'La autodisciplina es clave para lograr el éxito en cualquier área de la vida. Como coach profesional, puedo ayudarte a desarrollar hábitos de autodisciplina y motivarte a mantener el rumbo hacia tus metas', 'wow', 0, 0),
(7066, '2023-05-12 00:16:28', 'La vida es un proceso constante de aprendizaje y crecimiento. Como coach profesional, puedo ayudarte a descubrir tus fortalezas y a trabajar en tus debilidades para que puedas alcanzar todo tu potencial', 'waw', 0, 0),
(7067, '2023-05-12 00:16:47', 'El miedo y la duda son dos de los mayores obstáculos para alcanzar el éxito. Como coach profesional, puedo ayudarte a superar estos obstáculos y a tener la confianza y la claridad mental que necesitas para triunfar', 'eso lo digo yo', 0, 0),
(7069, '2023-05-12 00:18:06', 'No importa cuáles sean tus metas o deseos, siempre hay una manera de alcanzarlos. Como coach profesional, estoy aquí para ayudarte a descubrir esa manera y a hacer que tus sueños se hagan realidad', 'wow', 0, 0),
(7070, '2023-05-12 00:20:07', 'Desarrollar una aplicación móvil puede ser un desafío emocionante. Siempre me emociona ver cómo mi trabajo puede mejorar la vida de los usuarios', 'waw', 0, 0),
(7071, '2023-05-12 00:20:40', 'La clave para crear una aplicación móvil exitosa es centrarse en las necesidades del usuario. Si el usuario no tiene una buena experiencia, la aplicación no tendrá éxito', 'eso lo digo yo', 0, 0),
(7072, '2023-05-12 00:21:08', 'La competencia en el mercado de aplicaciones móviles es intensa. Si quieres destacar, debes ser creativo y ofrecer soluciones innovadoras', 'wow', 0, 0),
(7073, '2023-05-12 00:22:09', 'La calidad del código es crucial en el desarrollo de aplicaciones móviles. Cada línea de código debe ser precisa y eficiente para garantizar un buen rendimiento de la aplicación', 'waw', 0, 0),
(7074, '2023-05-12 00:22:36', 'La prueba y error es una parte importante del proceso de desarrollo de aplicaciones móviles. Si algo no funciona, hay que volver atrás y solucionarlo antes de seguir adelante', 'eso lo digo yo', 0, 0),
(7076, '2023-05-12 00:23:34', 'El diseño de la interfaz de usuario es esencial en el éxito de una aplicación móvil. Los usuarios deben encontrar la aplicación fácil de usar y atractiva visualmente', 'wow', 0, 0),
(7077, '2023-05-12 00:24:42', 'El desarrollo de aplicaciones móviles es un campo en constante cambio. Es importante mantenerse actualizado con las nuevas tecnologías y tendencias para mantenerse relevante', 'waw', 0, 0),
(7078, '2023-05-12 00:25:04', 'Una buena comunicación con el equipo de desarrollo y los usuarios es fundamental en el éxito del desarrollo de una aplicación móvil. La retroalimentación y las opiniones son importantes para mejorar la aplicación', 'eso lo digo yo', 0, 0),
(7079, '2023-05-12 00:25:32', 'El lanzamiento de una aplicación móvil no es el final del proceso, sino el comienzo. Siempre hay que estar atentos a las actualizaciones y mejoras para mantener a los usuarios comprometidos y satisfechos', 'wow', 0, 0),
(7080, '2023-05-12 00:26:44', 'La seguridad de los datos es una preocupación importante en el desarrollo de aplicaciones móviles. Es esencial asegurarse de que los datos de los usuarios estén protegidos y de que la aplicación cumpla con las normas de seguridad de la industria', 'waw', 0, 0),
(7081, '2023-05-12 00:29:21', 'El desarrollo de aplicaciones móviles no se trata solo de escribir código, también se trata de entender las necesidades del usuario y resolver problemas para mejorar su experiencia', 'eso lo digo yo', 0, 0),
(7082, '2023-05-12 00:29:44', 'La colaboración es importante en el desarrollo de aplicaciones móviles. Trabajar con un equipo diverso y colaborar con otros profesionales puede conducir a soluciones creativas y exitosas', 'wow', 0, 0),
(7083, '2023-05-12 00:33:22', 'Mi trabajo como diseñador de interiores no solo es crear un espacio hermoso, sino también funcional y cómodo para mis clientes', 'waw', 0, 0),
(7084, '2023-05-12 00:35:06', 'Me encanta el proceso creativo de diseñar un espacio. Es emocionante ver cómo evoluciona una idea y se convierte en algo real y tangible', 'eso lo digo yo', 0, 0),
(7085, '2023-05-12 00:35:31', 'Como diseñador de interiores, me enfoco en crear un ambiente que refleje la personalidad y estilo de vida de mis clientes, no el mío', 'wow', 0, 0),
(7086, '2023-05-12 00:37:24', 'La iluminación es una parte crucial del diseño de interiores. Puede transformar completamente un espacio y crear diferentes ambientes según la hora del día', 'waw', 0, 0),
(7087, '2023-05-12 00:37:48', 'Cada proyecto de diseño de interiores es único, ya que cada cliente tiene sus propias necesidades y deseos. Me encanta adaptarme a cada situación y encontrar la solución perfecta.', 'eso lo digo yo', 0, 0),
(7088, '2023-05-12 00:38:15', 'La selección de materiales y colores es clave para el diseño de interiores. Me aseguro de elegir materiales de alta calidad que sean duraderos y estéticamente atractivos.', 'wow', 0, 0),
(7089, '2023-05-12 00:40:55', 'Mi objetivo como diseñador de interiores es crear un espacio que no solo sea hermoso, sino también funcional y práctico para el uso diario.', 'waw', 0, 0),
(7090, '2023-05-12 00:41:23', 'La creatividad y la innovación son esenciales en el diseño de interiores. Siempre estoy buscando nuevas ideas y tendencias para inspirarme y mejorar mi trabajo.', 'eso lo digo yo', 0, 0),
(7091, '2023-05-12 00:43:18', 'El diseño de interiores no se trata solo de estética, también es importante la ergonomía y la comodidad. Me aseguro de que cada pieza de mobiliario y decoración tenga un propósito y funcione bien en el espacio.', 'wow', 0, 0),
(7092, '2023-05-12 00:59:31', 'Como diseñador de interiores, es importante tener una buena relación con mis clientes. Escuchar sus necesidades y deseos es fundamental para crear un diseño que realmente les guste', 'waw', 0, 0),
(7093, '2023-05-12 01:00:02', 'El diseño de interiores es una combinación de arte y ciencia. Se requiere habilidad técnica y creatividad para crear un espacio hermoso y funcional al mismo tiempo.', 'eso lo digo yo', 0, 0),
(7094, '2023-05-12 01:00:32', 'Mi trabajo como diseñador de interiores no se trata solo de crear un espacio atractivo, sino también de mejorar la calidad de vida de mis clientes a través de un ambiente que les haga sentir cómodos y felices', 'wow', 0, 0),
(7095, '2023-05-12 01:04:21', 'Un buen diseño gráfico no solo tiene que verse bien, también tiene que comunicar efectivamente el mensaje que se quiere transmitir.', 'waw', 0, 0),
(7096, '2023-05-12 01:04:42', 'La creatividad es clave en el diseño gráfico. Siempre busco inspiración en diferentes lugares para crear diseños únicos y originales', 'eso lo digo yo', 0, 0),
(7098, '2023-05-12 01:05:45', 'El diseño gráfico es una combinación de arte y estrategia. Mi objetivo es crear diseños estéticos que también cumplan con su función y propósito', 'wow', 0, 0),
(7099, '2023-05-12 01:07:05', 'Cada proyecto de diseño es un reto emocionante para mí. Me encanta trabajar con clientes para crear diseños personalizados y únicos que reflejen su visión', 'waw', 0, 0),
(7100, '2023-05-12 01:07:25', 'Los mejores diseños gráficos son aquellos que logran transmitir el mensaje de manera clara y efectiva. Siempre me aseguro de que mis diseños cumplan con este objetivo', 'eso lo digo yo', 0, 0),
(7101, '2023-05-12 01:08:14', 'La tipografía es uno de los elementos más importantes en el diseño gráfico. Siempre busco la fuente perfecta para complementar el diseño y lograr el efecto deseado.', 'wow', 0, 0),
(7102, '2023-05-12 01:11:52', 'Me encanta el proceso de diseño, desde la concepción de la idea hasta el resultado final. Cada paso es emocionante y me encanta ver cómo evoluciona el diseño', 'waw', 0, 0),
(7103, '2023-05-12 01:12:36', 'El diseño gráfico es una forma de arte que permite a los diseñadores crear mundos imaginarios a través de la imagen y el color', 'eso lo digo yo', 0, 0),
(7104, '2023-05-12 01:13:21', 'La simplicidad es la clave de un buen diseño gráfico. No es necesario llenar un diseño de elementos para que sea impactante y efectivo', 'wow', 0, 0),
(7105, '2023-05-12 01:14:17', 'El diseño gráfico no solo es importante en la publicidad y el marketing, también puede ser utilizado en diferentes áreas como la educación y la cultura', 'waw', 0, 0),
(7107, '2023-05-12 01:15:27', 'En el diseño gráfico, la paleta de colores es fundamental para lograr un diseño coherente y armonioso. Siempre elijo cuidadosamente los colores para lograr el efecto deseado.', 'eso lo digo yo', 0, 0),
(7108, '2023-05-12 01:15:47', 'Un buen diseño gráfico debe ser memorable y fácil de recordar. Me esfuerzo por crear diseños únicos y sorprendentes que dejen una huella duradera en la mente de los espectadores', 'wow', 0, 0),
(7109, '2023-05-12 01:17:14', 'A través de mi cámara, intento capturar la belleza de la vida cotidiana y mostrar al mundo lo que los ojos no pueden ver', 'waw', 0, 0),
(7110, '2023-05-12 01:17:55', 'Para mí, la fotografía no es solo una profesión, es una forma de vida. Me permite expresarme y contar historias a través de imágenes', 'eso lo digo yo', 0, 0),
(7111, '2023-05-12 01:18:36', 'Siempre busco nuevos desafíos y oportunidades para explorar mi creatividad y mejorar mis habilidades como fotógrafo', 'wow', 0, 0),
(7112, '2023-05-12 01:19:45', 'La clave para capturar una buena fotografía es estar en el momento adecuado y en el lugar adecuado, pero también saber cómo aprovechar esa oportunidad', 'waw', 0, 0),
(7113, '2023-05-12 01:20:09', 'La fotografía es un arte que requiere paciencia y perseverancia. A veces, tienes que tomar muchas fotos para conseguir la toma perfecta', 'eso lo digo yo', 0, 0),
(7114, '2023-05-12 01:20:26', 'Cada fotografía que tomo es única y tiene su propia historia detrás de ella. Me encanta compartir esas historias con mi audiencia y crear una conexión con ellos', 'wow', 0, 0),
(7115, '2023-05-12 01:22:10', 'La fotografía es una forma de arte que puede transmitir emociones y sentimientos. Me encanta explorar diferentes técnicas y estilos para lograr ese efecto', 'waw', 0, 0),
(7116, '2023-05-12 01:23:17', 'La fotografía de paisajes es mi pasión. Me encanta capturar la belleza de la naturaleza y mostrarla al mundo a través de mis fotos', 'eso lo digo yo', 0, 0),
(7117, '2023-05-12 01:23:44', 'La fotografía no solo es sobre la técnica y el equipo, también se trata de la creatividad y la visión del fotógrafo. Es importante tener una perspectiva única', 'wow', 0, 0),
(7118, '2023-05-12 01:29:01', 'La fotografía es una forma de documentar el mundo que nos rodea y mostrar la realidad de una manera hermosa y auténtica.', 'waw', 0, 0),
(7119, '2023-05-12 01:29:19', 'La fotografía es un proceso creativo que comienza en el momento en que eliges tu sujeto y termina en la postproducción. Me encanta cada etapa del proceso', 'eso lo digo yo', 0, 0),
(7120, '2023-05-12 01:29:50', 'La fotografía me permite capturar momentos especiales y crear recuerdos duraderos. Es una responsabilidad que tomo muy en serio y me encanta hacerlo.', 'wow', 0, 0);

-- --------------------------------------------------------

--
-- Estructura de tabla para la tabla `publicacionestextos_cliente`
--

CREATE TABLE `publicacionestextos_cliente` (
  `email4` varchar(50) DEFAULT NULL,
  `id3` int(20) DEFAULT NULL,
  `tiempo` timestamp NOT NULL DEFAULT current_timestamp()
) ENGINE=InnoDB DEFAULT CHARSET=utf8mb4 COLLATE=utf8mb4_general_ci;

--
-- Volcado de datos para la tabla `publicacionestextos_cliente`
--

INSERT INTO `publicacionestextos_cliente` (`email4`, `id3`, `tiempo`) VALUES
('CamilaRamirez@gmail.com', 7044, '2023-05-11 23:47:16'),
('CamilaRamirez@gmail.com', 7045, '2023-05-11 23:48:07'),
('CamilaRamirez@gmail.com', 7046, '2023-05-11 23:48:26'),
('AlejandraHernan@gmail.com', 7047, '2023-05-11 23:50:21'),
('AlejandraHernan@gmail.com', 7048, '2023-05-11 23:50:42'),
('AlejandraHernan@gmail.com', 7049, '2023-05-11 23:51:51'),
('JoseManuel@gmail.com', 7050, '2023-05-11 23:53:47'),
('JoseManuel@gmail.com', 7051, '2023-05-11 23:54:10'),
('JoseManuel@gmail.com', 7052, '2023-05-11 23:59:42'),
('DiegoArango@gmail.com', 7054, '2023-05-12 00:07:11'),
('DiegoArango@gmail.com', 7055, '2023-05-12 00:07:50'),
('DiegoArango@gmail.com', 7056, '2023-05-12 00:08:10'),
('CarlosAndres@gmail.com', 7057, '2023-05-12 00:09:04'),
('CarlosAndres@gmail.com', 7058, '2023-05-12 00:09:24'),
('CarlosAndres@gmail.com', 7059, '2023-05-12 00:09:45'),
('AndreaMontoya@gmail.com', 7060, '2023-05-12 00:10:50'),
('AndreaMontoya@gmail.com', 7061, '2023-05-12 00:12:21'),
('AndreaMontoya@gmail.com', 7062, '2023-05-12 00:12:47'),
('NataliaTorres01@gmail.com', 7063, '2023-05-12 00:14:01'),
('NataliaTorres01@gmail.com', 7064, '2023-05-12 00:14:27'),
('NataliaTorres01@gmail.com', 7065, '2023-05-12 00:14:49'),
('SantiagoGonzales@gmail.com', 7066, '2023-05-12 00:16:28'),
('SantiagoGonzales@gmail.com', 7067, '2023-05-12 00:16:47'),
('SantiagoGonzales@gmail.com', 7069, '2023-05-12 00:18:06'),
('DavidTorres@gmail.com', 7070, '2023-05-12 00:20:07'),
('DavidTorres@gmail.com', 7071, '2023-05-12 00:20:40'),
('DavidTorres@gmail.com', 7072, '2023-05-12 00:21:08'),
('DianaHerrera@gmail.com', 7073, '2023-05-12 00:22:09'),
('DianaHerrera@gmail.com', 7074, '2023-05-12 00:22:36'),
('DianaHerrera@gmail.com', 7076, '2023-05-12 00:23:34'),
('LuisMiguel2001@gmail.com', 7077, '2023-05-12 00:24:42'),
('LuisMiguel2001@gmail.com', 7078, '2023-05-12 00:25:04'),
('LuisMiguel2001@gmail.com', 7079, '2023-05-12 00:25:32'),
('PaulaRodriguez@gmail.com', 7080, '2023-05-12 00:26:44'),
('PaulaRodriguez@gmail.com', 7081, '2023-05-12 00:29:21'),
('PaulaRodriguez@gmail.com', 7082, '2023-05-12 00:29:44'),
('JuanPabloM@gmail.com', 7083, '2023-05-12 00:33:22'),
('JuanPabloM@gmail.com', 7084, '2023-05-12 00:35:06'),
('JuanPabloM@gmail.com', 7085, '2023-05-12 00:35:31'),
('AnaRojas2002@gmail.com', 7086, '2023-05-12 00:37:24'),
('AnaRojas2002@gmail.com', 7087, '2023-05-12 00:37:48'),
('AnaRojas2002@gmail.com', 7088, '2023-05-12 00:38:15'),
('ValenGomez01@gmail.com', 7089, '2023-05-12 00:40:55'),
('ValenGomez01@gmail.com', 7090, '2023-05-12 00:41:23'),
('ValenGomez01@gmail.com', 7091, '2023-05-12 00:43:18'),
('LauraMartinez@gmail.com', 7092, '2023-05-12 00:59:31'),
('LauraMartinez@gmail.com', 7093, '2023-05-12 01:00:02'),
('LauraMartinez@gmail.com', 7094, '2023-05-12 01:00:32'),
('JosePerea@gmail.com', 7095, '2023-05-12 01:04:21'),
('JosePerea@gmail.com', 7096, '2023-05-12 01:04:42'),
('JosePerea@gmail.com', 7098, '2023-05-12 01:05:45'),
('JavierRojas@gmail.com', 7099, '2023-05-12 01:07:05'),
('JavierRojas@gmail.com', 7100, '2023-05-12 01:07:25'),
('JavierRojas@gmail.com', 7101, '2023-05-12 01:08:14'),
('SofiaGarcia@gmail.com', 7102, '2023-05-12 01:11:52'),
('SofiaGarcia@gmail.com', 7103, '2023-05-12 01:12:36'),
('SofiaGarcia@gmail.com', 7104, '2023-05-12 01:13:21'),
('DanielaVargas@gmail.com', 7105, '2023-05-12 01:14:17'),
('DanielaVargas@gmail.com', 7107, '2023-05-12 01:15:27'),
('DanielaVargas@gmail.com', 7108, '2023-05-12 01:15:47'),
('zed@gmail.com', 7109, '2023-05-12 01:17:14'),
('zed@gmail.com', 7110, '2023-05-12 01:17:55'),
('zed@gmail.com', 7111, '2023-05-12 01:18:36'),
('AndresFelipe@gmail.com', 7112, '2023-05-12 01:19:45'),
('AndresFelipe@gmail.com', 7113, '2023-05-12 01:20:09'),
('AndresFelipe@gmail.com', 7114, '2023-05-12 01:20:26'),
('MariaFernanda@gmail.com', 7115, '2023-05-12 01:22:10'),
('MariaFernanda@gmail.com', 7116, '2023-05-12 01:23:17'),
('MariaFernanda@gmail.com', 7117, '2023-05-12 01:23:44'),
('IsabelRestrepo@gmail.com', 7118, '2023-05-12 01:29:01'),
('IsabelRestrepo@gmail.com', 7119, '2023-05-12 01:29:19'),
('IsabelRestrepo@gmail.com', 7120, '2023-05-12 01:29:50');

-- --------------------------------------------------------

--
-- Estructura de tabla para la tabla `publicaciones_cliente`
--

CREATE TABLE `publicaciones_cliente` (
  `email3` varchar(50) DEFAULT NULL,
  `id2` int(20) DEFAULT NULL,
  `tiempo` timestamp NOT NULL DEFAULT current_timestamp()
) ENGINE=InnoDB DEFAULT CHARSET=utf8mb4 COLLATE=utf8mb4_general_ci;

--
-- Volcado de datos para la tabla `publicaciones_cliente`
--

INSERT INTO `publicaciones_cliente` (`email3`, `id2`, `tiempo`) VALUES
('zed@gmail.com', 50056, '2023-04-16 01:18:33'),
('AnaRojas2002@gmail.com', 50065, '2023-05-02 15:54:46'),
('AnaRojas2002@gmail.com', 50066, '2023-05-02 15:56:46'),
('AnaRojas2002@gmail.com', 50068, '2023-05-02 15:56:47'),
('DavidTorres@gmail.com', 50069, '2023-05-02 16:02:28'),
('DavidTorres@gmail.com', 50070, '2023-05-02 16:02:32'),
('DavidTorres@gmail.com', 50071, '2023-05-02 16:08:33'),
('JuanPabloM@gmail.com', 50072, '2023-05-02 16:12:41'),
('JuanPabloM@gmail.com', 50073, '2023-05-02 16:14:06'),
('JuanPabloM@gmail.com', 50074, '2023-05-02 16:14:54'),
('LauraMartinez@gmail.com', 50075, '2023-05-02 16:18:38'),
('LauraMartinez@gmail.com', 50076, '2023-05-02 16:19:24'),
('LauraMartinez@gmail.com', 50077, '2023-05-02 16:20:02'),
('LuisMiguel2001@gmail.com', 50078, '2023-05-02 16:25:20'),
('LuisMiguel2001@gmail.com', 50079, '2023-05-02 16:29:18'),
('LuisMiguel2001@gmail.com', 50080, '2023-05-02 16:30:43'),
('PaulaRodriguez@gmail.com', 50081, '2023-05-02 16:34:53'),
('PaulaRodriguez@gmail.com', 50082, '2023-05-02 16:36:18'),
('PaulaRodriguez@gmail.com', 50083, '2023-05-02 16:37:05'),
('ValenGomez01@gmail.com', 50084, '2023-05-03 11:37:30'),
('ValenGomez01@gmail.com', 50085, '2023-05-03 11:38:17'),
('ValenGomez01@gmail.com', 50086, '2023-05-03 11:38:17'),
('DianaHerrera@gmail.com', 50087, '2023-05-03 11:41:56'),
('DianaHerrera@gmail.com', 50088, '2023-05-03 11:42:54'),
('DianaHerrera@gmail.com', 50089, '2023-05-03 11:42:55'),
('CarlosAndres@gmail.com', 50090, '2023-05-03 11:47:38'),
('CarlosAndres@gmail.com', 50091, '2023-05-03 11:48:44'),
('CarlosAndres@gmail.com', 50092, '2023-05-03 11:49:18'),
('SantiagoGonzales@gmail.com', 50093, '2023-05-03 11:52:40'),
('SantiagoGonzales@gmail.com', 50094, '2023-05-03 11:54:29'),
('SantiagoGonzales@gmail.com', 50095, '2023-05-03 11:55:45'),
('AndreaMontoya@gmail.com', 50096, '2023-05-03 11:59:30'),
('AndreaMontoya@gmail.com', 50097, '2023-05-03 12:01:02'),
('AndreaMontoya@gmail.com', 50098, '2023-05-03 12:01:58'),
('NataliaTorres01@gmail.com', 50099, '2023-05-03 13:57:53'),
('NataliaTorres01@gmail.com', 50100, '2023-05-03 13:59:01'),
('NataliaTorres01@gmail.com', 50101, '2023-05-03 14:00:32'),
('AlejandraHernan@gmail.com', 50102, '2023-05-03 14:03:32'),
('AlejandraHernan@gmail.com', 50103, '2023-05-03 14:05:05'),
('AlejandraHernan@gmail.com', 50104, '2023-05-03 14:14:32'),
('CamilaRamirez@gmail.com', 50105, '2023-05-03 14:19:16'),
('CamilaRamirez@gmail.com', 50106, '2023-05-03 14:20:08'),
('CamilaRamirez@gmail.com', 50107, '2023-05-03 14:21:06'),
('JoseManuel@gmail.com', 50108, '2023-05-03 14:25:02'),
('JoseManuel@gmail.com', 50109, '2023-05-03 14:25:53'),
('JoseManuel@gmail.com', 50110, '2023-05-03 14:27:46'),
('DiegoArango@gmail.com', 50111, '2023-05-03 14:53:22'),
('DiegoArango@gmail.com', 50112, '2023-05-03 14:54:27'),
('DiegoArango@gmail.com', 50113, '2023-05-03 14:55:11'),
('IsabelRestrepo@gmail.com', 50114, '2023-05-03 14:58:25'),
('IsabelRestrepo@gmail.com', 50115, '2023-05-03 14:59:47'),
('IsabelRestrepo@gmail.com', 50116, '2023-05-03 15:02:02'),
('MariaFernanda@gmail.com', 50117, '2023-05-03 15:05:15'),
('MariaFernanda@gmail.com', 50118, '2023-05-03 15:13:58'),
('MariaFernanda@gmail.com', 50119, '2023-05-03 15:15:05'),
('AndresFelipe@gmail.com', 50120, '2023-05-04 11:43:37'),
('AndresFelipe@gmail.com', 50121, '2023-05-04 11:44:15'),
('AndresFelipe@gmail.com', 50122, '2023-05-04 11:45:37'),
('zed@gmail.com', 50123, '2023-05-04 11:51:27'),
('zed@gmail.com', 50124, '2023-05-04 11:52:12'),
('zed@gmail.com', 50125, '2023-05-04 11:53:13'),
('JavierRojas@gmail.com', 50126, '2023-05-04 13:01:08'),
('JavierRojas@gmail.com', 50127, '2023-05-04 13:01:44'),
('JavierRojas@gmail.com', 50128, '2023-05-04 13:02:24'),
('SofiaGarcia@gmail.com', 50129, '2023-05-04 13:23:51'),
('SofiaGarcia@gmail.com', 50130, '2023-05-04 13:23:52'),
('SofiaGarcia@gmail.com', 50131, '2023-05-04 13:25:12'),
('JosePerea@gmail.com', 50133, '2023-05-04 13:31:52'),
('JosePerea@gmail.com', 50134, '2023-05-04 13:32:46'),
('JosePerea@gmail.com', 50135, '2023-05-04 13:34:25'),
('DanielaVargas@gmail.com', 50136, '2023-05-04 13:38:33'),
('DanielaVargas@gmail.com', 50137, '2023-05-04 13:39:04'),
('DanielaVargas@gmail.com', 50138, '2023-05-04 13:39:22');

-- --------------------------------------------------------

--
-- Estructura de tabla para la tabla `reportes`
--

CREATE TABLE `reportes` (
  `id_reporte` int(11) NOT NULL,
  `email_remitente` varchar(70) DEFAULT NULL,
  `reportado_email` varchar(70) DEFAULT NULL,
  `razon` varchar(300) DEFAULT NULL,
  `tiempo` timestamp NOT NULL DEFAULT current_timestamp()
) ENGINE=InnoDB DEFAULT CHARSET=utf8mb4 COLLATE=utf8mb4_general_ci;

-- --------------------------------------------------------

--
-- Estructura de tabla para la tabla `trabajos`
--

CREATE TABLE `trabajos` (
  `mi_email` varchar(70) DEFAULT NULL,
  `profecional_email` varchar(70) DEFAULT NULL,
  `estado` varchar(20) DEFAULT NULL
) ENGINE=InnoDB DEFAULT CHARSET=utf8mb4 COLLATE=utf8mb4_general_ci;

--
-- Volcado de datos para la tabla `trabajos`
--

INSERT INTO `trabajos` (`mi_email`, `profecional_email`, `estado`) VALUES
('LuisMiguel2001@gmail.com', 'ValenGomez01@gmail.com', 'nuevo'),
('ValenGomez01@gmail.com', 'LuisMiguel2001@gmail.com', 'nuevo'),
('LauraMartinez@gmail.com', 'ValenGomez01@gmail.com', 'Eliminado'),
('ValenGomez01@gmail.com', 'LauraMartinez@gmail.com', 'Eliminado'),
('danaeslo2004@gmail.com', 'CamilaRamirez@gmail.com', 'Eliminado'),
('CamilaRamirez@gmail.com', 'danaeslo2004@gmail.com', 'Eliminado'),
('DanielaVargas@gmail.com', 'CamilaRamirez@gmail.com', 'nuevo'),
('CamilaRamirez@gmail.com', 'DanielaVargas@gmail.com', 'nuevo'),
('zed@gmail.com', 'AlejandraHernan@gmail.com', 'Eliminado'),
('AlejandraHernan@gmail.com', 'zed@gmail.com', 'Eliminado'),
('CamilaRamirez@gmail.com', 'zed@gmail.com', 'Eliminado'),
('zed@gmail.com', 'CamilaRamirez@gmail.com', 'Eliminado');

--
-- Índices para tablas volcadas
--

--
-- Indices de la tabla `cliente`
--
ALTER TABLE `cliente`
  ADD PRIMARY KEY (`email`),
  ADD KEY `cod_paquete` (`cod_paquete`);

--
-- Indices de la tabla `comentarios`
--
ALTER TABLE `comentarios`
  ADD PRIMARY KEY (`id`);

--
-- Indices de la tabla `comentarios_imagen`
--
ALTER TABLE `comentarios_imagen`
  ADD KEY `id_comentario` (`id_comentario`),
  ADD KEY `idimagen` (`idimagen`);

--
-- Indices de la tabla `comentarios_textos`
--
ALTER TABLE `comentarios_textos`
  ADD KEY `id_comentario2` (`id_comentario2`),
  ADD KEY `idtextos` (`idtextos`);

--
-- Indices de la tabla `comentarios_usuario`
--
ALTER TABLE `comentarios_usuario`
  ADD KEY `id_comentario3` (`id_comentario3`),
  ADD KEY `emailcliente` (`emailcliente`);

--
-- Indices de la tabla `megusta`
--
ALTER TABLE `megusta`
  ADD KEY `id_megusta` (`id_megusta`),
  ADD KEY `email_megusta` (`email_megusta`);

--
-- Indices de la tabla `megustatextos`
--
ALTER TABLE `megustatextos`
  ADD KEY `id_textos` (`id_textos`),
  ADD KEY `email_cliente2` (`email_cliente2`);

--
-- Indices de la tabla `mensaje`
--
ALTER TABLE `mensaje`
  ADD PRIMARY KEY (`id_mensajes`),
  ADD KEY `remitente` (`remitente`),
  ADD KEY `receptor` (`receptor`);

--
-- Indices de la tabla `paquetes`
--
ALTER TABLE `paquetes`
  ADD PRIMARY KEY (`nombre_paquete`);

--
-- Indices de la tabla `profesionales_vistos`
--
ALTER TABLE `profesionales_vistos`
  ADD KEY `email_cliente` (`email_cliente`);

--
-- Indices de la tabla `publicaciones`
--
ALTER TABLE `publicaciones`
  ADD PRIMARY KEY (`id`);

--
-- Indices de la tabla `publicacionestextos`
--
ALTER TABLE `publicacionestextos`
  ADD PRIMARY KEY (`id`);

--
-- Indices de la tabla `publicacionestextos_cliente`
--
ALTER TABLE `publicacionestextos_cliente`
  ADD KEY `email4` (`email4`),
  ADD KEY `id3` (`id3`);

--
-- Indices de la tabla `publicaciones_cliente`
--
ALTER TABLE `publicaciones_cliente`
  ADD KEY `email3` (`email3`),
  ADD KEY `id2` (`id2`);

--
-- Indices de la tabla `reportes`
--
ALTER TABLE `reportes`
  ADD PRIMARY KEY (`id_reporte`),
  ADD KEY `email_remitente` (`email_remitente`),
  ADD KEY `reportado_email` (`reportado_email`);

--
-- Indices de la tabla `trabajos`
--
ALTER TABLE `trabajos`
  ADD KEY `mi_email` (`mi_email`),
  ADD KEY `profecional_email` (`profecional_email`);

--
-- AUTO_INCREMENT de las tablas volcadas
--

--
-- AUTO_INCREMENT de la tabla `comentarios`
--
ALTER TABLE `comentarios`
  MODIFY `id` int(20) NOT NULL AUTO_INCREMENT, AUTO_INCREMENT=30064;

--
-- AUTO_INCREMENT de la tabla `mensaje`
--
ALTER TABLE `mensaje`
  MODIFY `id_mensajes` int(11) NOT NULL AUTO_INCREMENT, AUTO_INCREMENT=146;

--
-- AUTO_INCREMENT de la tabla `publicaciones`
--
ALTER TABLE `publicaciones`
  MODIFY `id` int(20) NOT NULL AUTO_INCREMENT, AUTO_INCREMENT=50142;

--
-- AUTO_INCREMENT de la tabla `publicacionestextos`
--
ALTER TABLE `publicacionestextos`
  MODIFY `id` int(20) NOT NULL AUTO_INCREMENT, AUTO_INCREMENT=7121;

--
-- AUTO_INCREMENT de la tabla `reportes`
--
ALTER TABLE `reportes`
  MODIFY `id_reporte` int(11) NOT NULL AUTO_INCREMENT, AUTO_INCREMENT=7;

--
-- Restricciones para tablas volcadas
--

--
-- Filtros para la tabla `cliente`
--
ALTER TABLE `cliente`
  ADD CONSTRAINT `cliente_ibfk_1` FOREIGN KEY (`cod_paquete`) REFERENCES `paquetes` (`nombre_paquete`);

--
-- Filtros para la tabla `comentarios_imagen`
--
ALTER TABLE `comentarios_imagen`
  ADD CONSTRAINT `comentarios_imagen_ibfk_1` FOREIGN KEY (`id_comentario`) REFERENCES `comentarios` (`id`),
  ADD CONSTRAINT `comentarios_imagen_ibfk_2` FOREIGN KEY (`idimagen`) REFERENCES `publicaciones` (`id`);

--
-- Filtros para la tabla `comentarios_textos`
--
ALTER TABLE `comentarios_textos`
  ADD CONSTRAINT `comentarios_textos_ibfk_1` FOREIGN KEY (`id_comentario2`) REFERENCES `comentarios` (`id`),
  ADD CONSTRAINT `comentarios_textos_ibfk_2` FOREIGN KEY (`idtextos`) REFERENCES `publicacionestextos` (`id`);

--
-- Filtros para la tabla `comentarios_usuario`
--
ALTER TABLE `comentarios_usuario`
  ADD CONSTRAINT `comentarios_usuario_ibfk_1` FOREIGN KEY (`id_comentario3`) REFERENCES `comentarios` (`id`),
  ADD CONSTRAINT `comentarios_usuario_ibfk_2` FOREIGN KEY (`emailcliente`) REFERENCES `cliente` (`email`);

--
-- Filtros para la tabla `megusta`
--
ALTER TABLE `megusta`
  ADD CONSTRAINT `megusta_ibfk_1` FOREIGN KEY (`id_megusta`) REFERENCES `publicaciones` (`id`),
  ADD CONSTRAINT `megusta_ibfk_2` FOREIGN KEY (`email_megusta`) REFERENCES `cliente` (`email`);

--
-- Filtros para la tabla `megustatextos`
--
ALTER TABLE `megustatextos`
  ADD CONSTRAINT `megustatextos_ibfk_1` FOREIGN KEY (`id_textos`) REFERENCES `publicacionestextos` (`id`),
  ADD CONSTRAINT `megustatextos_ibfk_2` FOREIGN KEY (`email_cliente2`) REFERENCES `cliente` (`email`);

--
-- Filtros para la tabla `mensaje`
--
ALTER TABLE `mensaje`
  ADD CONSTRAINT `mensaje_ibfk_1` FOREIGN KEY (`remitente`) REFERENCES `cliente` (`email`),
  ADD CONSTRAINT `mensaje_ibfk_2` FOREIGN KEY (`receptor`) REFERENCES `cliente` (`email`);

--
-- Filtros para la tabla `profesionales_vistos`
--
ALTER TABLE `profesionales_vistos`
  ADD CONSTRAINT `profesionales_vistos_ibfk_1` FOREIGN KEY (`email_cliente`) REFERENCES `cliente` (`email`);

--
-- Filtros para la tabla `publicacionestextos_cliente`
--
ALTER TABLE `publicacionestextos_cliente`
  ADD CONSTRAINT `publicacionestextos_cliente_ibfk_1` FOREIGN KEY (`email4`) REFERENCES `cliente` (`email`),
  ADD CONSTRAINT `publicacionestextos_cliente_ibfk_2` FOREIGN KEY (`id3`) REFERENCES `publicacionestextos` (`id`);

--
-- Filtros para la tabla `publicaciones_cliente`
--
ALTER TABLE `publicaciones_cliente`
  ADD CONSTRAINT `publicaciones_cliente_ibfk_1` FOREIGN KEY (`email3`) REFERENCES `cliente` (`email`),
  ADD CONSTRAINT `publicaciones_cliente_ibfk_2` FOREIGN KEY (`id2`) REFERENCES `publicaciones` (`id`);

--
-- Filtros para la tabla `reportes`
--
ALTER TABLE `reportes`
  ADD CONSTRAINT `reportes_ibfk_1` FOREIGN KEY (`email_remitente`) REFERENCES `cliente` (`email`),
  ADD CONSTRAINT `reportes_ibfk_2` FOREIGN KEY (`reportado_email`) REFERENCES `cliente` (`email`);

--
-- Filtros para la tabla `trabajos`
--
ALTER TABLE `trabajos`
  ADD CONSTRAINT `trabajos_ibfk_1` FOREIGN KEY (`mi_email`) REFERENCES `cliente` (`email`),
  ADD CONSTRAINT `trabajos_ibfk_2` FOREIGN KEY (`profecional_email`) REFERENCES `cliente` (`email`);
COMMIT;

/*!40101 SET CHARACTER_SET_CLIENT=@OLD_CHARACTER_SET_CLIENT */;
/*!40101 SET CHARACTER_SET_RESULTS=@OLD_CHARACTER_SET_RESULTS */;
/*!40101 SET COLLATION_CONNECTION=@OLD_COLLATION_CONNECTION */;
